Date,Open,High,Low,Close,Volume
"Tuesday, September 4, 2018",60.213501,60.649502,59.625,59.849998,36620000
"Wednesday, September 5, 2018",59.689999,59.9505,58.099998,59.324001,41226000
"Thursday, September 6, 2018",59.314999,59.314999,57.599998,58.571999,37770000
"Friday, September 7, 2018",57.933498,58.763,57.860748,58.241501,28026000
"Monday, September 10, 2018",58.609501,58.727001,58.005501,58.231998,22308000
"Tuesday, September 11, 2018",58.081501,58.933998,57.812,58.868,24186000
"Wednesday, September 12, 2018",58.636002,58.9305,57.917999,58.140999,25910000
"Thursday, September 13, 2018",58.536999,58.9305,58.142502,58.766499,28624000
"Friday, September 14, 2018",58.955002,59.021252,58.4165,58.626499,18880000
"Monday, September 17, 2018",58.507,58.862,,57.802502,
"Tuesday, September 18, 2018",57.8545,58.804001,57.8545,58.061001,24072000
"Wednesday, September 19, 2018",58.249001,58.6605,57.729,58.554501,23828000
"Thursday, September 20, 2018",58.9995,59.494499,58.667999,59.343498,24508000
"Friday, September 21, 2018",59.599998,59.6105,58.301998,58.304501,88112000
"Monday, September 24, 2018",57.858501,58.900002,57.345501,58.668499,25420000
"Tuesday, September 25, 2018",58.807499,59.344002,58.400002,59.232498,19554000
"Wednesday, September 26, 2018",59.2575,59.711498,58.738251,59.024502,29246000
"Thursday, September 27, 2018",59.336498,60.105,59.181499,59.731998,25216000
"Friday, September 28, 2018",59.593498,59.7705,59.224998,59.6735,27612000
"Monday, October 1, 2018",59.994499,60.494999,59.514999,59.765499,27152000
"Tuesday, October 2, 2018",59.548,60.498001,59.331501,60.005501,33758000
"Wednesday, October 3, 2018",60.25,60.320499,59.691502,60.147499,25124000
"Thursday, October 4, 2018",59.766499,59.8755,57.778801,58.4095,44190000
"Friday, October 5, 2018",58.375,58.674999,57.256001,57.8675,23686000
"Monday, October 8, 2018",57.505501,58.400002,56.368198,57.448502,38648000
"Tuesday, October 9, 2018",57.307499,57.717499,56.878601,56.941002,26174000
"Wednesday, October 10, 2018",56.554001,56.608501,54.056499,54.061001,53514000
"Thursday, October 11, 2018",53.646999,55.32,53.413502,53.966,58980000
"Friday, October 12, 2018",55.400002,55.75,54.320099,55.504002,42026000
"Monday, October 15, 2018",55.445499,55.672298,54.450001,54.612499,27448000
"Tuesday, October 16, 2018",55.2295,56.210999,55.125,56.063999,38570000
"Wednesday, October 17, 2018",56.323002,56.449501,55.109501,55.7845,29344000
"Thursday, October 18, 2018",56.091999,56.091999,53.8545,54.398499,41890000
"Friday, October 19, 2018",54.668499,55.518002,54.387501,54.823002,25352000
"Monday, October 22, 2018",55.153,55.6115,54.549999,55.057999,30284000
"Tuesday, October 23, 2018",54.044498,55.394501,53.5,55.184502,36974000
"Wednesday, October 24, 2018",55.212502,55.306,52.437,52.5355,39648000
"Thursday, October 25, 2018",53.5895,55.549,53.477501,54.7785,50916000
"Friday, October 26, 2018",51.851501,55.3265,51.704498,53.573502,83752000
"Monday, October 29, 2018",54.123501,54.852001,49.7915,51.004002,77614000
"Tuesday, October 30, 2018",50.423,51.8745,50.037498,51.810501,64254000
"Wednesday, October 31, 2018",52.990501,54.597,52.849998,53.838501,50596000
"Thursday, November 1, 2018",53.790001,54.19875,53.123001,53.5,29640000
"Friday, November 2, 2018",53.686501,54.14875,52.730499,52.8895,36780000
"Monday, November 5, 2018",52.75,52.9235,51.062,52.004501,48828000
"Tuesday, November 6, 2018",51.973999,53.217251,51.9035,52.790501,24666000
"Wednesday, November 7, 2018",53.450001,54.772999,53.294998,54.669498,41168000
"Thursday, November 8, 2018",54.569,54.663502,53.610249,54.119999,29764000
"Friday, November 9, 2018",53.699501,53.778,52.655499,53.307499,26864000
"Monday, November 12, 2018",53.0695,53.105999,51.549999,51.931499,29436000
"Tuesday, November 13, 2018",52.164501,52.83025,51.557499,51.802502,30274000
"Wednesday, November 14, 2018",52.5,52.728199,51.549999,52.182999,31318000
"Thursday, November 15, 2018",52.2355,53.592499,51.589001,53.2355,36722000
"Friday, November 16, 2018",52.970501,53.349998,52.449001,53.074501,33162000
"Monday, November 19, 2018",52.860001,53.039501,50.813,51,37172000
"Tuesday, November 20, 2018",50,51.587002,49.800999,51.287998,48982000
"Wednesday, November 21, 2018",51.838001,52.428001,51.6735,51.880501,30686000
"Friday, November 23, 2018",51.5,51.879501,51.119949,51.194,13830000
"Monday, November 26, 2018",51.9175,52.4655,51.695499,52.431,38856000
"Tuesday, November 27, 2018",52.049999,52.879002,51.9245,52.220501,36064000
"Wednesday, November 28, 2018",52.438,54.341999,51.787998,54.311501,49508000
"Thursday, November 29, 2018",53.804001,54.71225,53.799999,54.415001,29378000
"Friday, November 30, 2018",54.453499,54.7785,53.894001,54.7215,51604000
"Monday, December 3, 2018",56.157001,56.232498,55.18325,55.321499,39824000
"Tuesday, December 4, 2018",55.155998,55.221001,52.499001,52.541,46904000
"Thursday, December 6, 2018",51.713001,53.560001,51.538502,53.436501,55384000
"Friday, December 7, 2018",53.0005,53.763,51.424999,51.828999,42024000
"Monday, December 10, 2018",51.752499,52.422501,51.164501,51.977501,36154000
"Tuesday, December 11, 2018",52.824501,53.029999,51.992001,52.587502,27894000
"Wednesday, December 12, 2018",53.400002,54.0825,53.1395,53.183998,30476000
"Thursday, December 13, 2018",53.4035,53.987999,52.696499,53.095001,26596000
"Friday, December 14, 2018",52.499001,53.130001,52.039501,52.105,33732000
"Monday, December 17, 2018",51.8755,52.657501,50.395,50.8265,47708000
"Tuesday, December 18, 2018",51.304501,52.473999,51.071999,51.435501,43850000
"Wednesday, December 19, 2018",51.699501,53.099998,50.4025,51.150501,49586000
"Thursday, December 20, 2018",50.906502,51.710999,49.818001,50.470501,53470000
"Friday, December 21, 2018",50.764999,51.201,48.684502,48.977001,91920000
"Monday, December 24, 2018",48.695,50.176998,48.505501,48.811001,31806000
"Wednesday, December 26, 2018",49.4505,52,49.150002,51.973,47466000
"Thursday, December 27, 2018",50.857498,52.1945,49.849998,52.194,42196000
"Friday, December 28, 2018",52.480999,52.778,51.654999,51.854,28296000
"Monday, December 31, 2018",52.548,52.634998,51.179501,51.780499,29866000
"Wednesday, January 2, 2019",50.828499,52.616001,50.7855,52.2925,30652000
"Thursday, January 3, 2019",52.049999,52.848999,50.703499,50.803001,36822000
"Friday, January 4, 2019",51.629501,53.542,51.370899,53.5355,41878000
"Monday, January 7, 2019",53.575001,53.700001,52.737999,53.419498,39638000
"Tuesday, January 8, 2019",53.8055,54.228001,53.026501,53.813999,35298000
"Wednesday, January 9, 2019",54.0825,54.1315,53.32,53.733002,23986000
"Thursday, January 10, 2019",53.382999,53.557499,52.885502,53.516499,29128000
"Friday, January 11, 2019",53.159,53.188751,52.424,52.859501,30416000
"Monday, January 14, 2019",52.346001,52.5765,52.062752,52.234501,22886000
"Tuesday, January 15, 2019",52.508499,54.002499,52.367001,53.857498,29272000
"Wednesday, January 16, 2019",54,54.618752,53.966999,54.0485,26636000
"Thursday, January 17, 2019",53.973499,54.59,53.674999,54.494999,24854000
"Friday, January 18, 2019",55,55.417599,54.544998,54.912998,39112000
"Tuesday, January 22, 2019",54.400002,54.5755,53.1735,53.526001,32270000
"Wednesday, January 23, 2019",53.8675,54.246498,52.987499,53.7785,19340000
"Thursday, January 24, 2019",53.824001,53.973751,53.035,53.695,27226000
"Friday, January 25, 2019",54.25,54.700001,54.091,54.5495,22382000
"Monday, January 28, 2019",54.005501,54.150002,53.189999,53.504002,25686000
"Tuesday, January 29, 2019",53.633999,53.7575,52.793251,53.030998,20436000
"Wednesday, January 30, 2019",53.421501,54.549999,53.342499,54.452999,25596000
"Thursday, January 31, 2019",55.150002,55.866501,54.7705,55.818501,30766000
"Friday, February 1, 2019",55.619999,56.25,55.244499,55.537498,29244000
"Monday, February 4, 2019",55.632999,56.639999,55.451,56.639999,51530000
"Tuesday, February 5, 2019",56.242001,57.342499,55.8624,57.2995,71044000
"Wednesday, February 6, 2019",56.9785,57.349998,55.6385,55.761501,42112000
"Thursday, February 7, 2019",55.208,55.242001,54.299999,54.935501,40896000
"Friday, February 8, 2019",54.349998,54.945499,54.327499,54.752998,21516000
"Monday, February 11, 2019",54.8475,55.297249,54.643002,54.7505,21304000
"Tuesday, February 12, 2019",55.34,56.264751,55.2925,56.068501,32182000
"Wednesday, February 13, 2019",56.2495,56.7365,55.924999,56.007999,20996000
"Thursday, February 14, 2019",55.9025,56.411499,55.522251,56.0835,18952000
"Friday, February 15, 2019",56.504002,56.5835,55.532501,55.682499,28996000
"Tuesday, February 19, 2019",55.5,56.094501,55.5,55.928001,20928000
"Wednesday, February 20, 2019",55.9995,56.170502,55.264,55.689999,21756000
"Thursday, February 21, 2019",55.542,55.597,54.625999,54.848499,28302000
"Friday, February 22, 2019",55.044998,55.562,54.779999,55.518501,20990000
"Monday, February 25, 2019",55.799999,55.926998,55.363499,55.470001,28262000
"Tuesday, February 26, 2019",55.287498,55.975498,54.995998,55.7565,29426000
"Wednesday, February 27, 2019",55.3475,55.898998,55.049999,55.802502,19368000
"Thursday, February 28, 2019",55.564999,56.3825,55.550499,55.995998,30850000
"Friday, March 1, 2019",56.244999,57.148499,56.237499,57.0495,29006000
"Monday, March 4, 2019",57.349499,57.914001,56.5345,57.389999,28920000
"Tuesday, March 5, 2019",57.502998,58.480499,57.30975,58.101501,28864000
"Wednesday, March 6, 2019",58.1245,58.3783,57.774502,57.893002,21986000
"Thursday, March 7, 2019",57.785999,57.837749,56.745499,57.165001,23332000
"Friday, March 8, 2019",56.336498,57.354,56.165001,57.116001,24248000
"Monday, March 11, 2019",57.2225,58.809502,57.2225,58.787998,34384000
"Tuesday, March 12, 2019",58.912998,60,58.912998,59.66,40262000
"Wednesday, March 13, 2019",60.032249,60.046501,59.597,59.666,28718000
"Thursday, March 14, 2019",59.725498,59.894001,59.223999,"Thursday, March 14, 2019",23456000
"Friday, March 15, 2019",59.668999,59.828499,59.130501,59.223,49236000
"Monday, March 18, 2019",59.165001,59.5,58.871052,59.213001,25852000
"Tuesday, March 19, 2019",59.440498,60,59.293499,59.942501,30414000
"Wednesday, March 20, 2019",59.8675,61.356998,59.808498,61.198502,44548000
"Thursday, March 21, 2019",60.799999,61.5895,60.657501,61.577,24080000
"Friday, March 22, 2019",61.316002,61.5,60.141251,60.275002,34284000
"Monday, March 25, 2019",59.8465,60.319901,59.352001,59.650002,29936000
"Tuesday, March 26, 2019",59.926498,60.141499,58.835999,59.230999,38024000
"Wednesday, March 27, 2019",59.275002,59.377949,57.968498,58.651001,28004000
"Thursday, March 28, 2019",58.577,58.578251,57.97155,58.4245,
"Friday, March 29, 2019",58.744999,58.949501,58.144001,58.665501,25398000
"Monday, April 1, 2019",59.205002,59.833,59.099998,59.7215,25050000
"Tuesday, April 2, 2019",59.765999,60.067501,59.2855,60.024502,16558000
"Wednesday, April 3, 2019",60.374001,60.814999,60.025002,60.296001,20286000
"Thursday, April 4, 2019",60.297001,60.783501,60.206501,60.75,19000000
"Friday, April 5, 2019",60.7495,60.811001,60.251499,60.357498,18144000
"Monday, April 8, 2019",60.394501,60.434502,59.993,60.192001,17204000
"Tuesday, April 9, 2019",59.799999,60.114498,59.653999,59.862499,17528000
"Wednesday, April 10, 2019",60.034,60.189251,59.821751,60.108002,14492000
"Thursday, April 11, 2019",60.198002,60.397999,60.0065,60.230999,14204000
"Friday, April 12, 2019",60.5,60.9175,60.405499,60.893501,18668000
"Monday, April 15, 2019",60.900002,61.209999,60.455502,61.055,23748000
"Tuesday, April 16, 2019",61.25,61.541,61.006001,61.356499,17126000
"Wednesday, April 17, 2019",61.650002,62.028,61.390999,61.817001,24438000
"Thursday, April 18, 2019",61.959,62.099998,61.730499,61.818501,26636000
"Monday, April 22, 2019",61.7995,62.454498,61.415501,62.442001,16146000
"Tuesday, April 23, 2019",62.5345,63.450001,62.319,63.227501,26398000
"Wednesday, April 24, 2019",63.206001,63.400501,62.75,62.799999,20376000
"Thursday, April 25, 2019",63.238499,63.370399,62.601501,63.172501,22146000
"Friday, April 26, 2019",63.450001,63.6535,63.015999,63.609001,24828000
"Monday, April 29, 2019",63.700001,64.463501,63.314751,64.378998,49988000
"Tuesday, April 30, 2019",59.25,59.640499,58.75,59.424,124140000
"Wednesday, May 1, 2019",59.4025,59.4025,58.359001,58.403999,52784000
"Thursday, May 2, 2019",58.388,58.709499,57.750099,58.130501,38896000
"Friday, May 3, 2019",58.682499,59.34,58.450001,59.27,39614000
"Monday, May 6, 2019",58.313,59.5425,58.313,59.469501,31278000
"Tuesday, May 7, 2019",59.023499,59.521999,58.051998,58.705002,31028000
"Wednesday, May 8, 2019",58.600498,59.021198,58.286999,58.313499,26186000
"Thursday, May 9, 2019",57.9515,58.483002,57.5425,58.118999,23714000
"Friday, May 10, 2019",58.179501,58.630001,57.125,58.213501,26290000
"Monday, May 13, 2019",57.098,57.396999,56.105499,56.601501,37212000
"Tuesday, May 14, 2019",56.8605,57.021,55.977501,56.021999,36732000
"Wednesday, May 15, 2019",55.893501,58.566502,55.833302,58.210499,45786000
"Thursday, May 16, 2019",58.225498,59.408001,58.141998,58.949001,30628000
"Friday, May 17, 2019",58.4235,59.0075,58.0005,58.115002,24172000
"Monday, May 20, 2019",57.224998,57.339851,56.572151,56.942501,27066000
"Tuesday, May 21, 2019",57.4245,57.635399,56.896999,57.481499,23196000
"Wednesday, May 22, 2019",57.337502,57.925999,57.294498,57.570999,18290000
"Thursday, May 23, 2019",57.025002,57.298649,56.461201,57.038502,23978000
"Friday, May 24, 2019",57.368,57.488251,56.583,56.6735,22240000
"Tuesday, May 28, 2019",56.700001,,56.655998,56.7075,27300000
"Wednesday, May 29, 2019",56.375999,56.455002,55.410999,55.823002,30764000
"Thursday, May 30, 2019",55.777,56.156502,55.605999,55.897499,19038000
"Friday, May 31, 2019",55.064499,55.48,55.008999,55.181499,30156000
"Monday, June 3, 2019",53.275002,53.275002,51.25,51.811501,102612000
"Tuesday, June 4, 2019",52.145,52.802502,51.684502,52.6525,56670000
"Wednesday, June 5, 2019",52.577,52.677502,51.524502,52.111,43368000
"Thursday, June 6, 2019",52.2495,52.3745,51.685001,52.216999,34064000
"Friday, June 7, 2019",52.531502,53.546001,52.419998,53.301998,36048000
"Monday, June 10, 2019",53.648998,54.632999,53.6161,54.019001,29284000
"Tuesday, June 11, 2019",54.699001,55.099499,53.88015,53.936001,28734000
"Wednesday, June 12, 2019",53.900002,54.046501,53.376999,53.851501,21220000
"Thursday, June 13, 2019",54.181999,54.7085,54.0075,54.438499,21154000
"Friday, June 14, 2019",54.320999,54.634499,54.008598,54.267502,22230000
"Monday, June 17, 2019",54.313999,54.959,54.313999,54.625,18832000
"Tuesday, June 18, 2019",55.484501,55.8195,54.949501,55.18,27734000
"Wednesday, June 19, 2019",55.279999,55.349998,54.674,55.116501,26776000
"Thursday, June 20, 2019",55.9995,56.006001,55.237,55.570999,25240000
"Friday, June 21, 2019",55.462002,56.205502,55.403999,56.094002,38952000
"Monday, June 24, 2019",55.980499,56.099998,55.550499,55.776001,27912000
"Tuesday, June 25, 2019",55.632999,55.717499,54.189999,54.317501,30938000
"Wednesday, June 26, 2019",54.325001,54.648499,53.612,53.990002,36218000
"Thursday, June 27, 2019",54.200001,54.355,53.7645,53.800499,20086000
"Friday, June 28, 2019",53.8195,54.049999,53.668499,54.045502,33864000
"Monday, July 1, 2019",54.900002,55.379002,54.68515,54.897499,28726000
"Tuesday, July 2, 2019",55.112,55.588501,54.908501,55.5625,19832000
"Wednesday, July 3, 2019",55.870499,56.338001,55.693001,56.078999,15340000
"Friday, July 5, 2019",55.889999,56.644001,55.806999,56.579498,25286000
"Monday, July 8, 2019",56.258499,56.299,55.560501,55.817501,24728000
"Tuesday, July 9, 2019",55.59,56.401249,55.358501,56.241501,26608000
"Wednesday, July 10, 2019",56.561001,57.102501,56.5485,57.023998,24190000
"Thursday, July 11, 2019",57.162498,57.6535,56.979,57.210499,23910000
"Friday, July 12, 2019",57.199501,57.367001,56.938999,57.244999,17280000
"Monday, July 15, 2019",57.342999,57.541,56.970001,57.516998,18076000
"Tuesday, July 16, 2019",57.299999,57.929001,57.25,57.679001,24776000
"Wednesday, July 17, 2019",57.5485,57.917999,57.288502,57.317501,23400000
"Thursday, July 18, 2019",57.087002,57.380249,56.636501,57.316502,25814000
"Friday, July 19, 2019",57.4095,57.556999,56.480999,56.505001,32944000
"Monday, July 22, 2019",56.672501,56.962502,56.212002,56.9035,26030000
"Tuesday, July 23, 2019",57.200001,57.345001,56.59,57.310501,21874000
"Wednesday, July 24, 2019",56.595001,57.200001,56.349499,56.890499,31796000
"Thursday, July 25, 2019",56.890999,57.084999,56.046001,56.605999,44196000
"Friday, July 26, 2019",61.202,63.2775,61.200001,62.5205,96116000
"Monday, July 29, 2019",62.052502,62.3685,61.411499,61.970501,44474000
"Tuesday, July 30, 2019",61.2705,61.7435,61.165001,61.257,29066000
"Wednesday, July 31, 2019",61.150002,61.700001,60.388199,60.834,34510000
"Thursday, August 1, 2019",60.7015,61.705502,60.285999,60.4505,33970000
"Friday, August 2, 2019",60.036999,60.345001,59.446999,59.699501,32902000
"Monday, August 5, 2019",58.501999,58.762001,57.007,57.616001,51950000
"Tuesday, August 6, 2019",58.165501,58.998001,58,58.497501,34188000
"Wednesday, August 7, 2019",57.799999,58.922249,57.481201,58.699501,28886000
"Thursday, August 8, 2019",59.141499,60.2505,58.651001,60.240002,29360000
"Friday, August 9, 2019",59.899502,60.194,59.180149,59.400501,21314000
"Monday, August 12, 2019",58.960499,59.248001,58.383598,58.7355,20060000
"Tuesday, August 13, 2019",58.573002,60.238998,58.573002,59.863499,25888000
"Wednesday, August 14, 2019",58.815498,59.115002,58.027,58.2145,31574000
"Thursday, August 15, 2019",58.174999,58.792,58.105499,58.362999,24374000
"Friday, August 16, 2019",58.977501,59.136002,58.5905,58.880001,26266000
"Monday, August 19, 2019",59.504501,60.349499,59.504501,59.922501,24632000
"Tuesday, August 20, 2019",59.762501,59.803001,59.105499,59.134499,18310000
"Wednesday, August 21, 2019",59.657501,59.950001,59.371498,59.5625,14814000
"Thursday, August 22, 2019",59.703499,59.9006,58.929001,59.476501,18950000
"Friday, August 23, 2019",59.099499,59.703999,57.387501,57.564499,33740000
"Monday, August 26, 2019",57.862999,58.473499,57.647999,58.4445,24522000
"Tuesday, August 27, 2019",59.026501,59.119999,58.072498,58.391998,21544000
"Wednesday, August 28, 2019",58.085499,58.820999,57.865002,58.550999,16040000
"Thursday, August 29, 2019",59.056,59.803001,59.056,59.642502,21768000
"Friday, August 30, 2019",59.924999,59.924999,59.190151,59.404999,22596000
"Tuesday, September 3, 2019",58.851501,59.344501,58.16,58.419498,29598000
"Wednesday, September 4, 2019",58.835499,59.174,58.549999,59.070499,21378000
"Thursday, September 5, 2019",59.5765,60.652,59.5765,60.569,28162000
"Friday, September 6, 2019",60.406502,60.60075,60.126099,60.246498,21442000
"Monday, September 9, 2019",60.200001,61,,60.220501,29438000
"Tuesday, September 10, 2019",59.7575,60.5,59.729,60.299999,25202000
"Wednesday, September 11, 2019",60.170502,61.130001,60.110001,61.008499,26140000
"Thursday, September 12, 2019",61.215,62.092999,61.151001,61.712502,34518000
"Friday, September 13, 2019",61.567501,62.043999,61.350498,61.978001,26028000
"Monday, September 16, 2019",61.476002,61.978001,61.280499,61.564999,21066000
"Tuesday, September 17, 2019",61.52,61.75,61.184502,61.4575,19102000
"Wednesday, September 18, 2019",61.3755,61.780499,60.8265,61.620499,22702000
"Thursday, September 19, 2019",61.603001,62.222,61.601002,61.935501,19920000
"Friday, September 20, 2019",61.655998,62.166,61.153999,61.496498,45400000
"Monday, September 23, 2019",61.299999,61.954498,61.2085,61.7015,21248000
"Tuesday, September 24, 2019",62,62.337002,60.534,60.938,31664000
"Wednesday, September 25, 2019",60.791,62.415001,60.504501,62.326,29060000
"Thursday, September 26, 2019",62.098,62.25,61.6134,62.0695,30760000
"Friday, September 27, 2019",62.150501,62.201,60.7225,61.254501,27078000
"Monday, September 30, 2019",61.0485,61.299999,60.615002,60.950001,28082000
"Tuesday, October 1, 2019",60.950001,61.561501,60.179001,60.255001,25470000
"Wednesday, October 2, 2019",59.848999,59.848999,58.564499,58.831501,32302000
"Thursday, October 3, 2019",59,59.452999,58.121498,59.391499,32424000
"Friday, October 4, 2019",59.594501,60.571999,59.4585,60.450001,23248000
"Monday, October 7, 2019",60.220001,60.910198,60.1875,60.383999,16858000
"Tuesday, October 8, 2019",59.879501,60.304001,59.4505,59.456501,20786000
"Wednesday, October 9, 2019",59.967499,60.4175,59.8815,60.115501,17354000
"Thursday, October 10, 2019",59.929001,60.75,59.867001,60.433498,16932000
"Friday, October 11, 2019",61.1105,61.419498,60.687,60.772499,25454000
"Monday, October 14, 2019",60.617001,61.316502,60.588001,60.856998,17350000
"Tuesday, October 15, 2019",61.02,62.366501,61.02,62.150501,27634000
"Wednesday, October 16, 2019",62.058498,62.737,61.922501,62.181999,21892000
"Thursday, October 17, 2019",62.546501,63.166248,62.497002,62.6535,19048000
"Friday, October 18, 2019",62.673,62.9445,62.054001,62.274502,27056000
"Monday, October 21, 2019",62.612999,62.731449,62.029999,62.307499,20544000
"Tuesday, October 22, 2019",62.392502,62.529999,62.069,62.139999,20476000
"Wednesday, October 23, 2019",62.118,62.994499,62.118,62.956501,18230000
"Thursday, October 24, 2019",63.044998,63.200001,62.685749,63.0495,20562000
"Friday, October 25, 2019",62.551498,63.48,62.5005,63.2565,24262000
"Monday, October 28, 2019",63.772499,64.9655,63.626999,64.5,52264000
"Tuesday, October 29, 2019",63.811501,64.079498,62.8606,63.131001,37728000
"Wednesday, October 30, 2019",62.648499,63.467999,62.599998,63.064499,28178000
"Thursday, October 31, 2019",63.063999,63.383499,62.542149,63.005501,29114000
"Friday, November 1, 2019",63.25,63.730999,63.025002,63.687,33402000
"Monday, November 4, 2019",63.822498,64.706497,63.817749,64.568497,30020000
"Tuesday, November 5, 2019",64.644501,64.946503,64.561447,64.601501,25654000
"Wednesday, November 6, 2019",64.473,64.686501,64.125,64.589996,23060000
"Thursday, November 7, 2019",64.713997,66.186996,64.71225,65.443001,40600000
"Friday, November 8, 2019",65.264,65.900002,65.218246,65.568497,25028000
"Monday, November 11, 2019",65.158997,65.321251,64.870499,64.959503,20238000
"Tuesday, November 12, 2019",65,65.5,64.788498,64.940002,21718000
"Wednesday, November 13, 2019",64.703499,65.214996,64.675499,64.900002,16534000
"Thursday, November 14, 2019",64.875,65.849998,64.782501,65.572998,23870000
"Friday, November 15, 2019",65.946999,66.744003,65.713997,66.7435,35652000
"Monday, November 18, 2019",66.611,66.776451,65.875,66.035004,29748000
"Tuesday, November 19, 2019",66.385002,66.385002,65.639999,65.773003,25384000
"Wednesday, November 20, 2019",65.586998,65.75,64.557503,65.152496,26172000
"Thursday, November 21, 2019",65.073997,65.629501,64.650002,65.067497,19910000
"Friday, November 22, 2019",65.280998,65.436501,64.570503,64.766998,27714000
"Monday, November 25, 2019",64.959,65.565498,64.906502,,20724000
"Tuesday, November 26, 2019",65.492996,65.739998,65.254501,65.677498,21394000
"Wednesday, November 27, 2019",65.75,65.917999,65.481499,65.649498,19912000
"Friday, November 29, 2019",65.356003,65.510246,65.198502,65.248001,11740000
"Monday, December 2, 2019",65.050003,65.291496,64.050003,64.496002,30218000
"Tuesday, December 3, 2019",63.9785,64.92305,63.950001,64.764,22876000
"Wednesday, December 4, 2019",65.350502,66.290001,65.2435,66.027,30750000
"Thursday, December 5, 2019",66.400002,66.467903,65.821999,66.406502,24254000
"Friday, December 6, 2019",66.671997,67.199997,66.671997,67.030998,26296000
"Monday, December 9, 2019",66.902,67.972504,66.891998,67.178001,27086000
"Tuesday, December 10, 2019",67.074997,67.498749,66.802002,67.233002,21882000
"Wednesday, December 11, 2019",67.542,67.559998,67.133499,67.250999,17008000
"Thursday, December 12, 2019",67.296997,67.78875,67.025002,67.513496,25620000
"Friday, December 13, 2019",67.397499,67.654648,67.193497,67.391502,30992000
"Monday, December 16, 2019",67.824997,68.234001,67.633499,68.058502,27946000
"Tuesday, December 17, 2019",68.144501,68.25,67.566147,67.755997,37080000
"Wednesday, December 18, 2019",67.830002,68.023499,67.550003,67.630997,30452000
"Thursday, December 19, 2019",67.591003,67.904999,67.449249,67.802002,29398000
"Friday, December 20, 2019",68.167503,68.181999,67.449997,67.4795,66300000
"Monday, December 23, 2019",67.793503,67.989998,67.3255,67.442001,17662000
"Tuesday, December 24, 2019",67.425003,67.513,67.139,67.178001,6950000
"Thursday, December 26, 2019",67.308502,68.066353,67.223503,68.019997,13350000
"Friday, December 27, 2019",68.149498,68.226501,67.4655,67.594498,20768000
"Monday, December 30, 2019",67.5,67.650002,66.700996,66.806999,21018000
"Tuesday, December 31, 2019",66.505501,66.900002,66.454247,66.850998,19236000
"Thursday, January 2, 2020",67.077499,68.406998,67.077499,68.3685,28132000
"Friday, January 3, 2020",67.392998,68.625,67.277199,68.032997,23728000
"Monday, January 6, 2020",67.5,69.824997,67.5,69.710503,34646000
"Tuesday, January 7, 2020",69.897003,70.149498,69.518997,69.667,30054000
"Wednesday, January 8, 2020",69.603996,70.579002,69.542,70.216003,30560000
"Thursday, January 9, 2020",71.028503,71.366501,70.513496,70.991501,30018000
"Friday, January 10, 2020",71.377998,71.746452,70.917503,71.486504,36414000
"Monday, January 13, 2020",71.806503,72.026001,71.301003,71.961502,33046000
"Tuesday, January 14, 2020",71.9505,72.089996,71.418503,71.543999,31178000
"Wednesday, January 15, 2020",71.510498,72.069748,71.510498,71.959999,25654000
"Thursday, January 16, 2020",72.372002,72.599503,72.045998,72.584999,23474000
"Friday, January 17, 2020",73.1455,74.064751,72.911003,74.019501,47924000
"Tuesday, January 21, 2020",73.956001,74.592499,73.559998,74.220001,40734000
"Wednesday, January 22, 2020",74.550003,75.160698,74.246498,74.297501,32216000
"Thursday, January 23, 2020",74.382004,74.776001,74.105003,74.332497,27024000
"Friday, January 24, 2020",74.679497,74.77475,73.262497,73.335503,35692000
"Monday, January 27, 2020",71.550003,71.903503,71.059998,71.695,35104000
"Tuesday, January 28, 2020",72.150002,72.800003,71.623497,72.627998,31548000
"Wednesday, January 29, 2020",72.940002,73.2715,72.336998,72.931503,21554000
"Thursday, January 30, 2020",71.998001,72.863998,71.82,72.792,26788000
"Friday, January 31, 2020",73.445,73.5065,71.426498,71.711502,48344000
"Monday, February 3, 2020",73.099998,74.5,72.949501,74.296997,60736000
"Tuesday, February 4, 2020",72.8535,73.474998,71.315002,72.3535,78660000
"Wednesday, February 5, 2020",73.121002,73.192001,71.528,72.411499,39724000
"Thursday, February 6, 2020",72.516502,74.099998,72.4785,73.811501,33588000
"Friday, February 7, 2020",73.364998,74.292,73.317497,73.961502,23446000
"Monday, February 10, 2020",73.716003,75.474998,73.716003,75.433998,28398000
"Tuesday, February 11, 2020",75.5905,76.481499,75.281898,75.439499,26892000
"Wednesday, February 12, 2020",75.723999,76.034752,75.405502,75.913498,23352000
"Thursday, February 13, 2020",75.634499,76.359001,75.230003,75.733002,18590000
"Friday, February 14, 2020",75.779999,76.037003,75.366997,76.037003,23956000
"Tuesday, February 18, 2020",75.75,76.581497,75.629501,75.983498,22414000
"Wednesday, February 19, 2020",76.253502,76.605301,76.07,76.334503,18986000
"Thursday, February 20, 2020",76.099998,76.482002,75.341003,75.907501,21932000
"Friday, February 21, 2020",75.401497,75.610748,74.022003,74.255501,34634000
"Monday, February 24, 2020",71.305496,71.848503,70.569504,71.079498,57342000
"Tuesday, February 25, 2020",71.650002,71.906998,69.120003,69.422501,49566000
"Wednesday, February 26, 2020",69.806999,70.785004,68.949997,69.658997,44048000
"Thursday, February 27, 2020",68.102997,68.585197,65.858498,65.904503,59566000
"Friday, February 28, 2020",63.875,67.056999,63.549999,66.966499,75782000
"Monday, March 2, 2020",67.580498,69.543503,66.340752,69.455498,48630000
"Tuesday, March 3, 2020",69.971001,70.5075,66.599998,67.069504,48046000
"Wednesday, March 4, 2020",67.961502,69.404503,67.155502,69.325996,38266000
"Thursday, March 5, 2020",67.510002,67.945503,65.254997,65.952003,51226000
"Friday, March 6, 2020",63.853001,65.310997,63.052502,64.920502,53212000
"Monday, March 9, 2020",60.264999,62.737999,60,60.778,67308000
"Tuesday, March 10, 2020",63,64.057503,60.938499,64.019501,52228000
"Wednesday, March 11, 2020",62.485001,63.048,59.803501,60.7705,52170000
"Thursday, March 12, 2020",56.299999,59.693501,55.665001,55.745499,84534000
"Friday, March 13, 2020",58.950001,60.987999,55.857151,60.9865,74002000
"Monday, March 16, 2020",54.799999,57.61335,53.722,54.216499,85048000
"Tuesday, March 17, 2020",54.655499,56.542999,52.800499,55.990002,77230000
"Wednesday, March 18, 2020",52.8255,55.325001,51.863998,54.84,84668000
"Thursday, March 19, 2020",54.6525,57.898499,53.005402,55.7645,73022000
"Friday, March 20, 2020",56.785999,57.199501,53.274502,53.616001,72036000
"Monday, March 23, 2020",53.066002,53.566002,50.6768,52.831001,80882000
"Tuesday, March 24, 2020",55.188499,56.75,54.530998,56.723,66890000
"Wednesday, March 25, 2020",56.323502,57.445,54.300499,55.1245,81630000
"Thursday, March 26, 2020",55.59,58.498501,54.676498,58.087502,71434000
"Friday, March 27, 2020",56.283501,57.533501,55.295502,55.5355,64170000
"Monday, March 30, 2020",56.251999,57.581501,54.824001,57.341,51482000
"Tuesday, March 31, 2020",57.365002,58.765499,56.907001,58.140499,49728000
"Wednesday, April 1, 2020",56.099998,56.484501,54.872501,55.280998,46884000
"Thursday, April 2, 2020",54.912998,56.342999,54.82,56.042,39298000
"Friday, April 3, 2020",55.950748,56.176998,53.990501,54.894001,46268000
"Monday, April 6, 2020",56.900002,59.733002,56.547001,59.346001,53294000
"Tuesday, April 7, 2020",61.049999,61.25,59.1115,59.3255,47746000
"Wednesday, April 8, 2020",60.325001,60.953499,59.408001,60.514,39502000
"Thursday, April 9, 2020",61.203999,61.2785,59.83675,60.572498,43508000
"Monday, April 13, 2020",60.459,61.025501,ABC,60.877998,34796000
"Tuesday, April 14, 2020",62.254501,64.1035,61.8465,63.461498,49408000
"Wednesday, April 15, 2020",62.280499,64.023003,62.02,63.123501,33434000
"Thursday, April 16, 2020",63.705002,63.950001,62.131001,63.1735,50362000
"Friday, April 17, 2020",64.2425,64.721497,63.561501,64.162498,38980000
"Monday, April 20, 2020",63.549999,64.080002,63.068501,63.330502,33910000
"Tuesday, April 21, 2020",62.349998,62.713501,60.4855,60.817001,43060000
"Wednesday, April 22, 2020",62.277,64.280647,62.099998,63.1605,41848000
"Thursday, April 23, 2020",63.577499,64.665497,63.283501,63.815498,31324000
"Friday, April 24, 2020",63.058498,64.019997,62.4725,63.9655,32792000
"Monday, April 27, 2020",64.800003,64.807503,63.450001,63.793999,32012000
"Tuesday, April 28, 2020",64.3965,64.402496,61.610001,61.683498,59026000
"Wednesday, April 29, 2020",67.072998,67.999496,66.266998,67.073997,75872000
"Thursday, April 30, 2020",66.244003,67.640999,66.124496,67.432999,53378000
"Friday, May 1, 2020",66.425003,67.6035,65.550003,66.030502,41450000
"Monday, May 4, 2020",65.411499,66.383003,64.949997,66.339996,30080000
"Tuesday, May 5, 2020",66.896004,68.696999,66.873001,67.555496,33030000
"Wednesday, May 6, 2020",68.084503,68.556,67.364502,67.364998,24308000
"Thursday, May 7, 2020",68.296997,68.879997,67.763496,68.627998,27952000
"Friday, May 8, 2020",69.156502,69.938004,68.774002,69.418503,27738000
"Monday, May 11, 2020",68.914001,70.8265,68.857597,70.163002,28242000
"Tuesday, May 12, 2020",70.356003,70.75,68.738503,68.787003,27812000
"Wednesday, May 13, 2020",68.852501,69.274101,66.419998,67.466499,36252000
"Thursday, May 14, 2020",66.750999,67.871002,66.195503,67.806503,32062000
"Friday, May 15, 2020",67.5,68.723999,66.949997,68.6595,34154000
"Monday, May 18, 2020",68.087502,69.616249,67.712502,69.196999,36448000
"Tuesday, May 19, 2020",69.349854,69.599998,68.674248,68.674248,25612000
"Wednesday, May 20, 2020",69.478996,70.521004,69.362503,70.335999,33108000
"Thursday, May 21, 2020",70.400002,70.774498,69.672501,70.139999,27700000
"Friday, May 22, 2020",69.835503,70.638,69.591499,70.521004,26188000
"Tuesday, May 26, 2020",71.863503,72.050003,70.606499,70.850998,41212000
"Wednesday, May 27, 2020",70.862503,71.086998,69.564499,70.891998,33716000
"Thursday, May 28, 2020",69.843002,72.042,69.800003,70.836502,33844000
"Friday, May 29, 2020",70.847,71.628502,70.667503,71.445999,36418000
"Monday, June 1, 2020",70.919502,71.898003,70.900002,71.591003,24342000
"Tuesday, June 2, 2020",71.527496,71.980499,70.941498,71.960999,25562000
"Wednesday, June 3, 2020",71.915001,72.327599,71.488853,71.819,25124000
"Thursday, June 4, 2020",71.519997,71.947998,70.236504,70.609001,29686000
"Friday, June 5, 2020",70.658501,72.252502,70.300003,71.919502,34698000
"Monday, June 8, 2020",71.116997,72.399498,71.116997,72.330498,28084000
"Tuesday, June 9, 2020",72.267998,73.400002,72.1605,72.807999,28184000
"Wednesday, June 10, 2020",72.976997,73.712952,72.813499,73.292503,30504000
"Thursday, June 11, 2020",72.124001,72.723747,70.099998,70.192001,39826000
"Friday, June 12, 2020",71.4245,71.849998,69.301003,70.658997,38928000
"Monday, June 15, 2020",69.540001,71.239998,69.396004,70.9925,30078000
"Tuesday, June 16, 2020",72.261002,72.750999,71.294998,72.136002,34184000
"Wednesday, June 17, 2020",72.358002,73,71.569,72.556,30992000
"Thursday, June 18, 2020",72.458,72.570503,71.350502,71.797997,31638000
"Friday, June 19, 2020",72.199997,72.389999,71.067497,71.585999,63158000
"Monday, June 22, 2020",71.449997,72.637497,71.1605,72.593002,30848000
"Tuesday, June 23, 2020",72.781998,73.79705,72.262001,73.220497,28596000
"Wednesday, June 24, 2020",73.0755,73.771004,71.487503,71.598503,35120000
"Thursday, June 25, 2020",71.495003,72.144997,71,72.066498,24610000
"Friday, June 26, 2020",71.569504,71.672501,67.599503,67.995003,85354000
"Monday, June 29, 2020",67.908997,69.779999,67.350502,69.748497,36204000
"Tuesday, June 30, 2020",69.522003,70.932503,69.197998,70.680496,40848000
"Wednesday, July 1, 2020",70.555,72.150002,70.490997,71.902,35504000
"Thursday, July 2, 2020",72.347,74.147499,72.320999,73.235001,37182000
"Monday, July 6, 2020",74.002998,75.329498,73.642998,74.785004,31280000
"Tuesday, July 7, 2020",74.5,75.839996,74.177498,74.259003,29164000
"Wednesday, July 8, 2020",74.716003,75.293999,74.281502,74.800003,24994000
"Thursday, July 9, 2020",75.322502,76.136002,74.404251,75.5495,28466000
"Friday, July 10, 2020",75.307503,77.191498,74.827003,77.086998,37126000
"Monday, July 13, 2020",77.5,78.856598,75.262154,75.567001,36928000
"Tuesday, July 14, 2020",74.515503,76.147499,74.175003,76.028999,31700000
"Wednesday, July 15, 2020",76.156502,76.766502,74.900002,75.681999,32214000
"Thursday, July 16, 2020",75,75.934502,74.315498,75.900002,30386000
"Friday, July 17, 2020",76.081001,76.171997,74.920998,75.777496,29134000
"Monday, July 20, 2020",75.763,78.514503,75.18,78.286003,31146000
"Tuesday, July 21, 2020",79.349503,79.349503,77.713997,77.920998,24324000
"Wednesday, July 22, 2020",78.025002,78.5,77.305,78.4245,18640000
"Thursday, July 23, 2020",78.348503,78.593498,75.369598,75.783997,32552000
"Friday, July 24, 2020",74.946503,75.881798,74.419998,75.593498,30880000
"Monday, July 27, 2020",75.779999,77.0485,75.760498,76.510002,24920000
"Tuesday, July 28, 2020",76.259003,76.323997,74.883003,75.016998,34044000
"Wednesday, July 29, 2020",75.316002,76.562599,75.066498,76.100998,22130000
"Thursday, July 30, 2020",74.849998,76.893501,74.611,76.572502,33428000
"Friday, July 31, 2020",75.250504,75.447502,72.7015,74.148003,68798000
"Monday, August 3, 2020",74.332001,74.523499,73.281998,73.722504,46604000
"Tuesday, August 4, 2020",73.828499,74.278,72.932503,73.248497,38070000
"Wednesday, August 5, 2020",73.464996,74.120499,73.172997,73.680496,39590000
"Thursday, August 6, 2020",73.587502,75.119499,73.300003,75.004997,39908000
"Friday, August 7, 2020",75,75.842247,74.082001,74.724503,31556000
"Monday, August 10, 2020",74.359001,75.203751,73.653999,74.805,25786000
"Tuesday, August 11, 2020",74.622002,75.5,73.900002,74.015999,29088000
"Wednesday, August 12, 2020",74.278999,75.619301,74.262497,75.331001,28740000
"Thursday, August 13, 2020",75.516998,76.862503,75.400253,75.922501,29104000
"Friday, August 14, 2020",75.782997,76.095001,75.143997,75.386497,27096000
"Monday, August 17, 2020",75.733498,76.280502,75.398499,75.899002,27566000
"Tuesday, August 18, 2020",76.308998,78.123497,76.185501,77.93,40542000
"Wednesday, August 19, 2020",77.665497,78.683998,77.197502,77.376503,33212000
"Thursday, August 20, 2020",77.172501,79.293503,76.910004,79.087502,34138000
"Friday, August 21, 2020",78.851501,79.886002,78.400253,79.021004,28930000
"Monday, August 24, 2020",79.698997,80.708504,79.028503,79.410004,28198000
"Tuesday, August 25, 2020",79.1035,80.581001,79.1035,80.411003,44942000
"Wednesday, August 26, 2020",80.400002,82.960999,80.18,82.619003,79868000
"Thursday, August 27, 2020",82.683998,82.75,81.287498,81.716499,37232000
"Friday, August 28, 2020",81.6745,82.358498,81.537498,82.220497,29980000
"Monday, August 31, 2020",82.394501,82.398247,81.515503,81.709,36468000
"Tuesday, September 1, 2020",81.831497,83.286499,81.611,83.0355,36506000
"Wednesday, September 2, 2020",83.688751,86.658997,83.316498,86.414001,50224000
"Thursday, September 3, 2020",85.485703,85.485703,80.752998,82.092003,62156000
"Friday, September 4, 2020",81.212997,82.255501,77.380653,79.552002,52172000
"Tuesday, September 8, 2020",76.675499,78.193253,76.400497,76.619499,52218000
"Wednesday, September 9, 2020",77.876503,78.449997,76.802551,77.848,35494000
"Thursday, September 10, 2020",78.031998,79.204048,76.290253,76.600998,32372000
"Friday, September 11, 2020",76.800003,78.760002,74.867996,76.036003,31942000
"Monday, September 14, 2020",76.950249,78.199997,75.787003,75.963997,33932000
"Tuesday, September 15, 2020",76.800003,77.9785,76.591751,77.071999,26622000
"Wednesday, September 16, 2020",77.777,78.099998,75.990997,76.044998,26234000
"Thursday, September 17, 2020",74.800003,75.414902,73.5,74.776497,37596000
"Friday, September 18, 2020",74.900497,75.150146,71.856499,72.999496,62078000
"Monday, September 21, 2020",72.002998,72.417999,70.327499,71.557999,57776000
"Tuesday, September 22, 2020",72.504501,73.475998,71.726501,73.273003,31664000
"Wednesday, September 23, 2020",72.939003,73.047997,70.385002,70.760498,33148000
"Thursday, September 24, 2020",70.551498,72.185448,70.4925,71.414497,29004000
"Friday, September 25, 2020",71.6315,72.5,70.667,72.248001,26460000
"Monday, September 28, 2020",73.710503,73.839996,72.46505,73.225998,40158000
"Tuesday, September 29, 2020",73.519501,73.833153,72.940247,73.466499,19564000
"Wednesday, September 30, 2020",73.339996,74.487503,72.994003,73.480003,34032000
"Thursday, October 1, 2020",74.213501,74.952003,73.960503,74.504501,35590000
"Friday, October 2, 2020",73.101501,74.160004,72.545998,72.920998,25682000
"Monday, October 5, 2020",73.310501,74.4105,73.213501,74.301003,22266000
"Tuesday, October 6, 2020",73.778999,74.337997,72.429497,72.671997,24908000
"Wednesday, October 7, 2020",73.2145,73.447998,71.800003,73.014503,34924000
"Thursday, October 8, 2020",73.254501,74.5,73.254501,74.296501,23756000
"Friday, October 9, 2020",74.735001,75.825996,74.472504,75.761002,28706000
"Monday, October 12, 2020",77.150002,79.693001,76.628502,78.457497,49652000
"Tuesday, October 13, 2020",79.186501,79.5,78.160004,78.584,32020000
"Wednesday, October 14, 2020",78.929497,79.384201,77.526497,78.403999,38586000
"Thursday, October 15, 2020",77.357498,78.755249,77.251503,77.956497,30800000
"Friday, October 16, 2020",78.292503,79.056503,78.150002,78.650497,28694000
"Monday, October 19, 2020",79.023003,79.407501,76.400002,76.730499,32142000
"Tuesday, October 20, 2020",76.352501,78.875,76.283501,77.796501,44834000
"Wednesday, October 21, 2020",78.666496,80.936501,78.581497,79.665497,51366000
"Thursday, October 22, 2020",79.652496,81.099503,79.25,80.766502,28672000
"Friday, October 23, 2020",81.303497,82.117996,81.025497,82.050003,27516000
"Monday, October 26, 2020",81.250504,81.912003,78.824997,79.522499,37066000
"Tuesday, October 27, 2020",79.783501,80.342247,79.139,80.212997,24580000
"Wednesday, October 28, 2020",77.987,78.067497,75.731003,75.831001,36680000
"Thursday, October 29, 2020",76.117996,79.685501,76.112,78.362,40062000
"Friday, October 30, 2020",83.605499,84.349998,80.223,81.050499,86582000
"Monday, November 2, 2020",81.407997,83.038498,80.801498,81.301498,50708000
"Tuesday, November 3, 2020",81.588997,83.084999,80.831001,82.510498,33234000
"Wednesday, November 4, 2020",85.514,88.568253,85.301498,87.456497,71418000
"Thursday, November 5, 2020",89.050003,89.681999,87.525497,88.168503,41316000
"Friday, November 6, 2020",87.697502,88.621498,87.017502,88.087502,33218000
"Monday, November 9, 2020",89.544998,90.903,88.000999,88.150002,45366000
"Tuesday, November 10, 2020",86.554497,88.150002,85.864998,87.019501,52722000
"Wednesday, November 11, 2020",87.5,88.210999,87.368248,87.635498,25280000
"Thursday, November 12, 2020",87.3815,88.413498,87.279999,87.491997,24950000
"Friday, November 13, 2020",87.8815,89.052002,87.227501,88.850998,29998000
"Monday, November 16, 2020",88.584999,89.953499,88.384499,89.069,24936000
"Tuesday, November 17, 2020",88.847,89.25,88.349998,88.5075,22942000
"Wednesday, November 18, 2020",88.261497,88.6735,87.306999,87.338997,23470000
"Thursday, November 19, 2020",86.918999,88.4795,86.85025,88.195999,24998000
"Friday, November 20, 2020",88.260498,88.699997,87.093002,87.109497,46270000
"Monday, November 23, 2020",87.480003,87.695,85.886002,86.742996,43232000
"Tuesday, November 24, 2020",86.525002,88.580002,86.384499,88.444,31560000
"Wednesday, November 25, 2020",88.644501,88.927002,87.827003,88.571503,20916000
"Friday, November 27, 2020",88.654503,90.199997,88.622002,89.6595,17698000
"Monday, November 30, 2020",89.059196,89.403252,87.75,88.037003,36476000
"Tuesday, December 1, 2020",88.718498,91.241501,88.468498,89.904999,34738000
"Wednesday, December 2, 2020",89.904999,91.782501,89.473648,91.397499,24440000
"Thursday, December 3, 2020",91.2005,92.360001,91.1325,91.338501,24546000
"Friday, December 4, 2020",91.225998,91.657997,90.849503,91.399498,27564000
"Monday, December 7, 2020",90.949997,91.6185,90.289001,90.973999,26418000
"Tuesday, December 8, 2020",90.504997,91.095001,89.810249,90.927498,21926000
"Wednesday, December 9, 2020",90.600502,91.713501,88.390503,89.206497,30152000
"Thursday, December 10, 2020",88.489998,89.065498,87.015999,88.766502,27256000
"Friday, December 11, 2020",88.153,89.222504,88,89.088501,24414000
"Monday, December 14, 2020",88.75,89.869499,87.860748,88.002998,32004000
"Tuesday, December 15, 2020",88.221001,88.570999,87.497498,88.388496,29646000
"Wednesday, December 16, 2020",88.643997,88.650002,87.804001,88.150002,30270000
"Thursday, December 17, 2020",88.425499,88.589203,86.932999,87.394997,32494000
"Friday, December 18, 2020",87.709,87.755501,86.011002,86.550499,80328000
"Monday, December 21, 2020",85.675499,87.042503,84.949997,86.968498,36568000
"Tuesday, December 22, 2020",86.721497,86.870247,85.628754,86.175003,18734000
"Wednesday, December 23, 2020",86.405502,87.399498,86.251999,86.619003,20676000
"Thursday, December 24, 2020",86.75,87.300003,86.455498,86.942497,6936000
"Monday, December 28, 2020",87.581749,89.5364,87.31675,88.804497,27860000
"Tuesday, December 29, 2020",89.389503,89.622002,87.804497,87.935997,25988000
"Wednesday, December 30, 2020",88.100502,88.254753,86.279999,86.975998,26122000
"Thursday, December 31, 2020",86.771004,87.946503,86.771004,87.594002,20238000
"Monday, January 4, 2021",87.876999,88.032501,85.392502,86.412003,38038000
"Tuesday, January 5, 2021",86.25,87.383499,85.900749,87.045998,22906000
"Wednesday, January 6, 2021",85.1315,87.400002,84.949997,86.764503,52042000
"Thursday, January 7, 2021",87.002998,89.419998,86.852501,89.362503,45300000
"Friday, January 8, 2021",89.399002,90.491997,88.67675,90.360497,41012000
"Monday, January 11, 2021",89.303497,89.715752,88.026001,88.335999,24194000
"Tuesday, January 12, 2021",87.695999,88.902,86.265503,87.327499,27140000
"Wednesday, January 13, 2021",86.929001,88.251747,86.900497,87.720001,21882000
"Thursday, January 14, 2021",87.681,88.750504,86.669998,87.009003,23590000
"Friday, January 15, 2021",86.9095,87.800003,86.077499,86.809502,26844000
"Tuesday, January 19, 2021",87.612503,90.463753,87.072998,89.542999,34692000
"Wednesday, January 20, 2021",91.572998,95.185501,91.276497,94.345001,49806000
"Thursday, January 21, 2021",94.900002,96.742996,94.355499,94.5625,41278000
"Friday, January 22, 2021",94.783997,95.547501,94.087997,95.052498,25442000
"Monday, January 25, 2021",96.033501,96.478996,93.376503,94.970001,38546000
"Tuesday, January 26, 2021",94.442001,96.25,94.21225,95.862,26262000
"Wednesday, January 27, 2021",94.126503,94.5,90.449997,91.539497,54966000
"Thursday, January 28, 2021",92.196999,94.941498,92.132004,93.155502,35462000
"Friday, January 29, 2021",92.308502,92.863998,90.510002,91.787003,32252000
"Monday, February 1, 2021",92.678497,96.119598,92.546501,95.067497,32044000
"Tuesday, February 2, 2021",96.127998,97.788002,95.724503,96.375504,45474000
"Wednesday, February 3, 2021",103.650002,105.824997,100.918999,103.503502,82364000
"Thursday, February 4, 2021",103.444504,103.927498,102.129501,103.1185,37046000
"Friday, February 5, 2021",103.5,105.125504,102.966499,104.900002,30702000
"Monday, February 8, 2021",105.295502,106.177353,103.599998,104.6455,24838000
"Tuesday, February 9, 2021",103.927002,105.2565,103.927002,104.175499,17798000
"Wednesday, February 10, 2021",104.710503,105.418503,103.154503,104.768997,22710000
"Thursday, February 11, 2021",104.975502,105.101501,103.865997,104.794502,18914000
"Friday, February 12, 2021",104.512497,105.441002,104.156502,105.205498,17114000
"Tuesday, February 16, 2021",105.218002,107.634003,105.218002,106.095001,22676000
"Wednesday, February 17, 2021",105,106.682999,104.945999,106.415497,21418000
"Thursday, February 18, 2021",105.519501,106.636749,105.185501,105.860001,22432000
"Friday, February 19, 2021",105.963501,106.526497,104.870499,105.056999,29148000
"Monday, February 22, 2021",103.349998,104.570999,103.107002,103.244003,27350000
"Tuesday, February 23, 2021",101.250504,104.100502,100.100998,103.542999,33348000
"Wednesday, February 24, 2021",102.091499,105.039001,101.906502,104.758499,24966000
"Thursday, February 25, 2021",103.372498,104.744003,101.064499,101.568001,36568000
"Friday, February 26, 2021",102.526001,103.550499,100.803001,101.843002,41670000
"Monday, March 1, 2021",102.825996,104.325996,102.305,104.0755,28090000
"Tuesday, March 2, 2021",103.809502,105.218498,103.563004,103.792,22692000
"Wednesday, March 3, 2021",103.360497,104.425903,100.5,101.335503,29684000
"Thursday, March 4, 2021",101.168503,104.461998,101.013496,102.454498,42360000
"Friday, March 5, 2021",103.655998,105.905502,102.320747,105.427002,43904000
"Monday, March 8, 2021",105.056503,106.440498,101.080498,101.208504,32948000
"Tuesday, March 9, 2021",103.5,103.902,102.391502,102.635002,33946000
"Wednesday, March 10, 2021",103.587997,103.75,101.668503,102.751503,25372000
"Thursday, March 11, 2021",103.703003,106.285004,103.619003,105.738503,24782000
"Friday, March 12, 2021",104.25,104.513,102.377502,103.096001,34516000
"Monday, March 15, 2021",103.114998,103.352997,102.175499,103.324501,25962000
"Tuesday, March 16, 2021",103.949501,106.178001,103.5,104.625999,29832000
"Wednesday, March 17, 2021",103.801498,105.488998,102.699997,104.554001,25980000
"Thursday, March 18, 2021",103.050003,103.775002,101.677498,101.810997,27228000
"Friday, March 19, 2021",102.102501,102.654999,100.884003,102.160004,46298000
"Monday, March 22, 2021",102.092003,102.899498,101.303497,101.929497,39096000
"Tuesday, March 23, 2021",102.584999,103.615097,101.960999,102.648003,27340000
"Wednesday, March 24, 2021",103.268501,103.9105,102.077751,102.252998,23080000
"Thursday, March 25, 2021",102.240501,102.943497,100.536499,102.218002,28378000
"Friday, March 26, 2021",101.943001,102.5495,100.700996,101.777496,29870000
"Monday, March 29, 2021",101.393997,102.921501,100.780998,102.797501,24596000
"Tuesday, March 30, 2021",102.8815,103.539001,102.2015,102.777,20732000
"Wednesday, March 31, 2021",102.956001,104.666351,102.83725,103.431503,29198000
"Thursday, April 1, 2021",104.897499,107.147003,104.844498,106.887497,33980000
"Monday, April 5, 2021",107.647003,111.865501,107.581001,111.277496,43298000
"Tuesday, April 6, 2021",111.125,111.883003,110.739998,111.237503,27060000
"Wednesday, April 7, 2021",111.306503,112.75,111.266502,112.484001,25798000
"Thursday, April 8, 2021",113.898003,114.200249,112.884003,113.272003,27166000
"Friday, April 9, 2021",112.834999,114.452003,112.685699,114.293999,20888000
"Monday, April 12, 2021",113.3125,113.765999,111.923248,112.739502,31318000
"Tuesday, April 13, 2021",113.073502,113.860497,112.804497,113.363503,23310000
"Wednesday, April 14, 2021",113.758003,113.899498,112.459503,112.741997,20220000
"Thursday, April 15, 2021",113.848999,115.329849,113.300003,114.833,27472000
"Friday, April 16, 2021",115.150002,115.321999,114.222504,114.888,22596000
"Monday, April 19, 2021",114.598999,115.922501,114.39225,115.120003,24688000
"Tuesday, April 20, 2021",115.394501,115.480003,113.585503,114.681503,21774000
"Wednesday, April 21, 2021",114.262497,114.765999,112.928497,114.664497,23930000
"Thursday, April 22, 2021",114.661499,115.188103,112.822502,113.396004,21096000
"Friday, April 23, 2021",114.1735,116.291,113.9105,115.764999,28670000
"Monday, April 26, 2021",115.996498,117.063004,115.692001,116.336998,20834000
"Tuesday, April 27, 2021",116.800003,116.872498,115.213501,115.356003,31972000
"Wednesday, April 28, 2021",120.357246,122.618896,118.7425,118.995499,59728000
"Thursday, April 29, 2021",120.516502,121.825996,120.113998,121.494499,39554000
"Friday, April 30, 2021",120.224503,121.357002,120.108002,120.505997,39142000
"Monday, May 3, 2021",120.136002,120.985001,119.224998,119.758499,33788000
"Tuesday, May 4, 2021",118.487,118.962997,115.584999,117.712502,35120000
"Wednesday, May 5, 2021",118.420998,119.110001,117.570503,117.836998,21806000
"Thursday, May 6, 2021",117.531998,119.135498,117.116898,119.067497,20618000
"Friday, May 7, 2021",120,120.820503,119.5,119.934502,23272000
"Monday, May 10, 2021",118.744499,118.900002,116.736504,117.083,26006000
"Tuesday, May 11, 2021",114.593002,116.099998,114.150002,115.438004,32110000
"Wednesday, May 12, 2021",113.085503,114.268501,111.502502,111.954002,34934000
"Thursday, May 13, 2021",113.054497,113.830048,112.136002,113.098503,26670000
"Friday, May 14, 2021",114.591499,116.056999,114.166,115.807999,26624000
"Monday, May 17, 2021",115.466003,116.167,114.75,116.070503,19842000
"Tuesday, May 18, 2021",116.845299,117.157501,115.157997,115.171501,17302000
"Wednesday, May 19, 2021",113.220001,115.837997,113.176003,115.435501,19350000
"Thursday, May 20, 2021",116.402,118.016998,116.054497,117.804497,23832000
"Friday, May 21, 2021",118.2995,118.449997,117.1185,117.254997,22832000
"Monday, May 24, 2021",118.349998,120.924004,118.005501,120.333504,21244000
"Tuesday, May 25, 2021",121,121.644501,120.149498,120.453499,18838000
"Wednesday, May 26, 2021",120.641747,122.147202,120.625748,121.676498,21856000
"Thursday, May 27, 2021",121.847,122,120.099998,120.125504,38962000
"Friday, May 28, 2021",121.098,121.406998,120.384499,120.578003,24108000
"Tuesday, June 1, 2021",121.099998,121.898552,120.244003,121.490501,19166000
"Wednesday, June 2, 2021",121.765503,122.099998,120.209999,121.064003,17158000
"Thursday, June 3, 2021",119.750999,120.487251,119.141502,120.230499,18346000
"Friday, June 4, 2021",121.125999,122.692947,120.888496,122.587997,25948000
"Monday, June 7, 2021",122.566002,123.400002,122.05365,123.304497,23850000
"Tuesday, June 8, 2021",123.995003,124.724747,123.412003,124.142502,25060000
"Wednesday, June 9, 2021",124.974998,125.25,124.366501,124.57,20126000
"Thursday, June 10, 2021",124.7005,126.163002,124.699997,126.080002,31234000
"Friday, June 11, 2021",126.246002,126.349503,124.914497,125.696503,25240000
"Monday, June 14, 2021",125.669502,126.411499,125.046997,126.351997,22550000
"Tuesday, June 15, 2021",126.522003,126.862,125.648499,126.032997,22182000
"Wednesday, June 16, 2021",126.247498,126.523499,124.149948,125.696503,26316000
"Thursday, June 17, 2021",125.523003,127.196503,125.514999,126.371002,25756000
"Friday, June 18, 2021",125.705498,126.389,124.602997,125.567497,53306000
"Monday, June 21, 2021",125.739998,127.036751,125.134247,126.455002,26256000
"Tuesday, June 22, 2021",126.449997,127.269997,126.026497,126.999496,20984000
"Wednesday, June 23, 2021",126.550003,127.795998,126.251999,126.461502,19694000
"Thursday, June 24, 2021",127.053497,127.5355,126.959999,127.281998,18934000
"Friday, June 25, 2021",126.957001,127.504997,126.444,126.995003,33484000
"Monday, June 28, 2021",127,127.336998,125.973801,126.819504,28110000
"Tuesday, June 29, 2021",126.772499,127,125.436996,126.018501,20950000
"Wednesday, June 30, 2021",125.653549,125.800003,124.7575,125.316002,24006000
"Thursday, July 1, 2021",124.849747,126.462502,124.849747,126.3685,17120000
"Friday, July 2, 2021",126.8395,128.848007,126.768997,128.718994,21160000
"Tuesday, July 6, 2021",129.449493,129.884506,128.408997,129.770996,21350000
"Wednesday, July 7, 2021",130.341003,130.639893,129.759995,130.077499,16680000
"Thursday, July 8, 2021",128.25,130.032501,128.039993,129.177002,19780000
"Friday, July 9, 2021",128.944504,129.849503,128.943497,129.574493,15106000
"Monday, July 12, 2021",129.833496,130.770004,129.600006,130.563995,16944000
"Tuesday, July 13, 2021",130.8815,132.042007,130.636993,130.994507,16618000
"Wednesday, July 14, 2021",131.901505,132.996002,131.897995,132.082504,17912000
"Thursday, July 15, 2021",132.5,132.595001,130.598007,131.266495,16586000
"Friday, July 16, 2021",131.641006,132.182999,130.821503,131.845505,14856000
"Monday, July 19, 2021",131.155502,131.246994,128.537003,129.253998,25710000
"Tuesday, July 20, 2021",130.003998,132.001343,129.1884,131.101501,19084000
"Wednesday, July 21, 2021",130.787003,132.617249,130.601501,132.600494,14742000
"Thursday, July 22, 2021",132.649994,133.504501,132.399994,133.328506,13608000
"Friday, July 23, 2021",135.259995,138.808502,134.7005,137.815994,26378000
"Monday, July 26, 2021",138.25,139.712997,137.651001,139.644501,23052000
"Tuesday, July 27, 2021",140.011002,140.011002,135.100006,136.796494,42164000
"Wednesday, July 28, 2021",138.561996,139.675995,136.350006,136.3815,54688000
"Thursday, July 29, 2021",136.3806,137.151505,136.138,136.540497,19284000
"Friday, July 30, 2021",135.511002,135.771347,134.814194,135.220993,23954000
"Monday, August 2, 2021",135.484497,136.020493,134.669495,135.989502,20140000
"Tuesday, August 3, 2021",136,136.335495,134.183502,136.279999,19064000
"Wednesday, August 4, 2021",136.249496,136.537994,135.414993,136.028503,16528000
"Thursday, August 5, 2021",136.028503,136.949997,135.600006,136.940002,11866000
"Friday, August 6, 2021",136.294998,137.080048,136.046494,137.035995,13560000
"Monday, August 9, 2021",136.949005,138.321503,136.428757,138.001999,12374000
"Tuesday, August 10, 2021",138.079498,138.551498,137.226501,138.096497,16034000
"Wednesday, August 11, 2021",138.283005,138.847748,137.350006,137.689499,15204000
"Thursday, August 12, 2021",137.712997,138.417999,136.779007,138.389496,14646000
"Friday, August 13, 2021",138.357498,138.673996,138.005005,138.406006,12580000
"Monday, August 16, 2021",138,138.990494,136.165756,138.916,18040000
"Tuesday, August 17, 2021",138.190994,138.718506,136.787506,137.300507,21272000
"Wednesday, August 18, 2021",137.115494,138.294006,136.421005,136.570007,14934000
"Thursday, August 19, 2021",135.467499,137.451996,135.356003,136.913498,18296000
"Friday, August 20, 2021",137.082993,138.614502,136.466995,138.436996,15564000
"Monday, August 23, 2021",138.998505,142.177002,138.747955,141.099503,21090000
"Tuesday, August 24, 2021",141.543503,143.007507,141.3535,142.398499,15126000
"Wednesday, August 25, 2021",142.882996,143.313004,142.439499,142.949997,12838000
"Thursday, August 26, 2021",142.6185,143.134796,142.091507,142.123001,14922000
"Friday, August 27, 2021",142.112503,145.011002,142.020004,144.550507,24562000
"Monday, August 30, 2021",144.704498,146.489502,144.600006,145.469498,16916000
"Tuesday, August 31, 2021",145.884506,146.112,145,145.462006,26756000
"Wednesday, September 1, 2021",145.649994,146.820496,145.614502,145.841995,15824000
"Thursday, September 2, 2021",145.949493,146.324997,144.106506,144.218994,21844000
"Friday, September 3, 2021",144.145996,145.376999,143.505005,144.774994,19104000
"Tuesday, September 7, 2021",144.749496,145.824005,144.541,145.518997,15170000
"Wednesday, September 8, 2021",145.393494,145.550995,144.199997,144.883499,15486000
"Thursday, September 9, 2021",144.883499,145.669495,144.434006,144.913498,14798000
"Friday, September 10, 2021",145.443497,146.018997,141.741501,141.921005,32896000
"Monday, September 13, 2021",143.201004,144.190994,142.282501,143.464996,20176000
"Tuesday, September 14, 2021",144.160995,144.727493,142.905502,143.406006,18916000
"Wednesday, September 15, 2021",143.759003,145.581497,142.255997,145.205994,20648000
"Thursday, September 16, 2021",145.121002,145.199997,143.416351,144.373505,20292000
"Friday, September 17, 2021",143.798492,144.249496,141.061493,141.463501,60040000
"Monday, September 20, 2021",139.000198,139.362503,137.052994,139.016998,34918000
"Tuesday, September 21, 2021",140.117004,140.8116,138.905502,139.6465,18130000
"Wednesday, September 22, 2021",140.050507,141.583496,139.471756,140.938507,22068000
"Thursday, September 23, 2021",141.609497,142.252457,141.096497,141.826508,17272000
"Friday, September 24, 2021",140.945999,142.903503,140.850494,142.632996,14950000
"Monday, September 27, 2021",141.585495,142.5,140.5,141.501007,18844000
"Tuesday, September 28, 2021",139.088501,139.606506,135.699997,136.184006,42190000
"Wednesday, September 29, 2021",137.109695,137.398499,134.25,134.520996,26338000
"Thursday, September 30, 2021",134.324997,135.589996,133,133.265503,35294000
"Friday, October 1, 2021",133.554504,137.070999,133.377502,136.462494,28388000
"Monday, October 4, 2021",135.699493,135.699997,131.166504,133.764999,31530000
"Tuesday, October 5, 2021",134,137.362,134,136.177002,24126000
"Wednesday, October 6, 2021",134.625504,137.852005,134.486496,137.354004,19764000
"Thursday, October 7, 2021",138.863007,140.154449,138.563004,139.185501,18250000
"Friday, October 8, 2021",139.906006,140.317001,139.429352,140.056,18924000
"Monday, October 11, 2021",139.800003,140.763657,138.806503,138.847504,16584000
"Tuesday, October 12, 2021",139.637497,139.695007,136.25,136.712997,22536000
"Wednesday, October 13, 2021",137.75,138.550003,136.976501,137.899994,16380000
"Thursday, October 14, 2021",139.951996,141.651505,139.339005,141.412003,21426000
"Friday, October 15, 2021",142.199997,142.199997,141.064499,141.675003,21250000
"Monday, October 18, 2021",141.213501,142.998749,141.213501,142.960495,16564000
"Tuesday, October 19, 2021",143.291504,144.106995,143.095993,143.822006,15316000
"Wednesday, October 20, 2021",144.222504,144.247757,141.912003,142.414993,17940000
"Thursday, October 21, 2021",142.192001,142.849503,141.636993,142.780502,14850000
"Friday, October 22, 2021",140.350998,141.558502,137.170502,138.625,30182000
"Monday, October 25, 2021",138.810501,139.205795,136.748505,138.772995,21082000
"Tuesday, October 26, 2021",140.606003,140.839493,139.005493,139.671997,28258000
"Wednesday, October 27, 2021",139.902496,149.117996,139.902496,146.427505,51850000
"Thursday, October 28, 2021",147.298996,147.4245,144.763504,146.128998,32418000
"Friday, October 29, 2021",145.520004,148.613007,145.166504,148.270493,28954000
"Monday, November 1, 2021",148.164993,148.399506,143.579498,143.774002,32272000
"Tuesday, November 2, 2021",144.809402,146.920502,144.641006,145.863007,21150000
"Wednesday, November 3, 2021",146.274994,146.910507,145.053497,146.789993,17886000
"Thursday, November 4, 2021",147.199997,149.949997,146.634995,148.682999,24700000
"Friday, November 5, 2021",149.3535,150.570755,148.651993,149.240997,20408000
"Monday, November 8, 2021",150,151.0345,149.119995,149.351501,18388000
"Tuesday, November 9, 2021",149.746002,150.378494,147.507004,149.248505,16876000
"Wednesday, November 10, 2021",148.00975,148.699997,145.324997,146.626007,22708000
"Thursday, November 11, 2021",147.106995,148.502243,146.694504,146.748001,12464000
"Friday, November 12, 2021",147.831497,149.859497,146.453995,149.645493,17048000
"Monday, November 15, 2021",150,150.477005,148.652496,149.388,16248000
"Tuesday, November 16, 2021",149.170502,149.832504,148.350006,149.076004,17254000
"Wednesday, November 17, 2021",149.229004,149.626007,148.563004,149.061996,15290000
"Thursday, November 18, 2021",149.145996,151.610001,148.998505,150.709,26658000
"Friday, November 19, 2021",151,151.850006,149.887497,149.952499,19766000
"Monday, November 22, 2021",150.141754,150.744507,147.005493,147.078506,24608000
"Tuesday, November 23, 2021",147.113007,147.694,144.889496,146.757004,18126000
"Wednesday, November 24, 2021",146.350006,147,145.199005,146.717499,16464000
"Friday, November 26, 2021",145.015503,145.296997,142.485504,142.806,16992000
"Monday, November 29, 2021",144.298492,146.862,144.298492,146.113998,26276000
"Tuesday, November 30, 2021",145.450256,146.628494,142.065994,142.451996,41590000
"Wednesday, December 1, 2021",144.212494,146.499146,141.5,141.617996,28476000
"Thursday, December 2, 2021",141.824005,144.675003,140.981995,143.776505,21250000
"Friday, December 3, 2021",144.495499,145.212997,141.149994,142.520493,26688000
"Monday, December 6, 2021",143.574005,144.351501,140.647003,143.796494,22198000
"Tuesday, December 7, 2021",145.949997,148.300003,145.702499,148.036499,23258000
"Wednesday, December 8, 2021",148.331497,149.156494,147.199997,148.720505,18964000
"Thursday, December 9, 2021",148.175995,149.604996,147.529007,148.106003,18580000
"Friday, December 10, 2021",149.100006,149.399994,147.357498,148.675003,21634000
"Monday, December 13, 2021",148.444,148.5625,146.360001,146.704498,24104000
"Tuesday, December 14, 2021",144.770004,145.442001,142.242493,144.970505,24778000
"Wednesday, December 15, 2021",144.365997,147.517242,142.705505,147.3685,27280000
"Thursday, December 16, 2021",148.076996,148.551498,144.092499,144.838501,27400000
"Friday, December 17, 2021",142.714493,144.460098,141.787994,142.802994,43404000
"Monday, December 20, 2021",140.679596,142.610504,140.25,142.401505,20264000
"Tuesday, December 21, 2021",143.149994,144.692047,141.735001,144.220505,19548000
"Wednesday, December 22, 2021",144.100006,147.302994,143.962997,146.949005,18438000
"Thursday, December 23, 2021",147.089493,148.572601,146.950851,147.142502,13818000
"Monday, December 27, 2021",147.463501,148.426498,147.25,148.063995,13256000
"Tuesday, December 28, 2021",148.374496,148.374496,145.935501,146.447998,18624000
"Wednesday, December 29, 2021",146.429504,147.183746,145.504501,146.504501,17022000
"Thursday, December 30, 2021",146.449997,147.0625,145.758499,146.002502,12978000
"Friday, December 31, 2021",145.544006,146.365005,144.677505,144.679504,17298000
"Monday, January 3, 2022",144.475494,145.550003,143.502502,145.074493,25214000
"Tuesday, January 4, 2022",145.550507,146.610001,143.816147,144.416504,22928000
"Wednesday, January 5, 2022",144.181,144.298004,137.523499,137.653503,49642000
"Thursday, January 6, 2022",137.497498,139.686005,136.763504,137.550995,29050000
"Friday, January 7, 2022",137.904999,138.254745,135.789001,137.004501,19408000
"Monday, January 10, 2022",135.098999,138.639999,133.140503,138.574005,34096000
"Tuesday, January 11, 2022",138.180496,140.329498,136.813507,140.017502,23502000
"Wednesday, January 12, 2022",141.554504,142.814255,141.112,141.647995,23642000
"Thursday, January 13, 2022",141.8405,143.185501,138.914001,139.130997,26566000
"Friday, January 14, 2022",137.5,141.2005,137.5,139.786499,23826000
"Tuesday, January 18, 2022",136.600006,137.391495,135.617004,136.290497,27382000
"Wednesday, January 19, 2022",136.938507,138.399506,135.5,135.651993,20796000
"Thursday, January 20, 2022",136.514008,137.912003,133.144501,133.5065,21930000
"Friday, January 21, 2022",133.011993,134.760498,130.001007,130.091995,41920000
"Monday, January 24, 2022",126.027496,130.778503,124.641953,130.371994,55148000
"Tuesday, January 25, 2022",128.435501,129.338501,126.377998,126.735497,36008000
"Wednesday, January 26, 2022",130.592499,132.807495,127.153503,129.240005,39630000
"Thursday, January 27, 2022",131.360992,132.609955,128.945007,129.121002,30248000
"Friday, January 28, 2022",130,133.370499,128.694504,133.289505,30518000
"Monday, January 31, 2022",134.197998,135.843506,132.274002,135.698502,34056000
"Tuesday, February 1, 2022",137.835007,138.199997,134.568253,137.878494,51204000
"Wednesday, February 2, 2022",151.863495,152.100006,145.557495,148.036499,89750000
"Thursday, February 3, 2022",145.294998,149.117706,142.205002,142.650497,56930000
"Friday, February 4, 2022",143.016998,144.535248,139.817505,143.016006,49224000
"Monday, February 7, 2022",143.709,143.846497,138.699005,138.938004,44610000
"Tuesday, February 8, 2022",138.991257,139.837097,136.873001,139.212997,34256000
"Wednesday, February 9, 2022",140.849747,142.175507,140.376999,141.453003,28628000
"Thursday, February 10, 2022",139.5,141.431,138.050003,138.602493,33018000
"Friday, February 11, 2022",138.75,139.283249,133.288498,134.130005,38808000
"Monday, February 14, 2022",133.365494,136.166504,133.302002,135.300003,26792000
"Tuesday, February 15, 2022",137.471497,137.899994,135.539505,136.425507,26578000
"Wednesday, February 16, 2022",136.430496,137.945999,134.823654,137.487503,25610000
"Thursday, February 17, 2022",136.149994,136.839493,132.201996,132.308502,30968000
"Friday, February 18, 2022",133.037506,133.824005,130.307053,130.467499,31858000
"Tuesday, February 22, 2022",129.985001,131.900757,127.740997,129.402496,38906000
"Wednesday, February 23, 2022",131.078506,131.748993,127.503502,127.584999,26432000
"Thursday, February 24, 2022",125,133.037003,124.764503,132.673492,43166000
"Friday, February 25, 2022",133.525497,135.389008,131.764999,134.519501,26236000
"Monday, February 28, 2022",133.2845,135.640503,132.825256,134.891006,29676000
"Tuesday, March 1, 2022",134.479996,136.110992,133.378494,134.167999,24640000
"Wednesday, March 2, 2022",134.608246,135.615494,133.432495,134.751495,23966000
"Thursday, March 3, 2022",135.9785,136.713806,133.431,134.307999,19780000
"Friday, March 4, 2022",133.382507,134.199005,130.408493,132.121994,24446000
"Monday, March 7, 2022",131.904007,131.904007,126.410004,126.4645,39178000
"Tuesday, March 8, 2022",126.250504,131.246506,125.860748,127.278503,35250000
"Wednesday, March 9, 2022",131.399994,134.198502,130.087997,133.865997,32258000
"Thursday, March 10, 2022",131.462494,133.538498,131.401001,132.682007,24266000
"Friday, March 11, 2022",133.999496,134.199997,130.296494,130.475494,26600000
"Monday, March 14, 2022",130.572998,131.026001,126.413002,126.740997,30254000
"Tuesday, March 15, 2022",127.741501,130.517242,126.568001,129.660507,30292000
"Wednesday, March 16, 2022",131,133.770996,129.201004,133.690506,32058000
"Thursday, March 17, 2022",133.320999,134.739502,132.718994,134.600494,23994000
"Friday, March 18, 2022",133.884003,136.913498,132.932007,136.801498,45900000
"Monday, March 21, 2022",136.847504,137.582504,134.611496,136.4785,26632000
"Tuesday, March 22, 2022",136.5,141.5,136.5,140.277496,29776000
"Wednesday, March 23, 2022",139.138504,140.024994,138.166504,138.503494,25302000
"Thursday, March 24, 2022",139.272507,141.3965,138.039398,141.311996,20544000
"Friday, March 25, 2022",141.753998,141.959503,139.699493,141.5215,19270000
"Monday, March 28, 2022",140.684494,141.976501,139.828156,141.949997,23774000
"Tuesday, March 29, 2022",143.160507,144.162506,142.483994,143.25,28678000
"Wednesday, March 30, 2022",142.869995,143.480499,142.167999,142.644501,21046000
"Thursday, March 31, 2022",142.448502,142.644501,139.619003,139.649506,29516000
"Friday, April 1, 2022",140.009995,140.949997,138.796997,140.699997,23480000
"Monday, April 4, 2022",140.824493,144.043747,140.824493,143.642502,19076000
"Tuesday, April 5, 2022",143.399506,143.589996,140.943497,141.063004,19256000
"Wednesday, April 6, 2022",139.161499,139.848495,136.418106,137.175995,23574000
"Thursday, April 7, 2022",136.617996,137.701508,134.857254,136.464996,19448000
"Friday, April 8, 2022",136.25,136.25,133.752502,134.010498,16434000
"Monday, April 11, 2022",132.899994,132.939194,129.617493,129.796494,24188000
"Tuesday, April 12, 2022",132.423492,132.423492,127.575996,128.374496,23004000
"Wednesday, April 13, 2022",128.626495,130.655746,128.438599,130.285995,19542000
"Thursday, April 14, 2022",130.649506,130.710251,127.111504,127.252998,23484000
"Monday, April 18, 2022",127.410004,128.712006,126.578453,127.960999,14918000
"Tuesday, April 19, 2022",128.076996,130.903748,127.4515,130.531006,22720000
"Wednesday, April 20, 2022",131.283997,131.923492,127.894051,128.245499,22610000
"Thursday, April 21, 2022",129.350006,130.307495,124.650002,124.9375,30158000
"Friday, April 22, 2022",125,125.452003,119.140503,119.613998,46410000
"Monday, April 25, 2022",119.429497,123.278,118.769249,123.25,34522000
"Tuesday, April 26, 2022",122.75,122.75,119.16185,119.505997,49394000
"Wednesday, April 27, 2022",114.373001,117.5,113.124252,115.0205,62238000
"Thursday, April 28, 2022",117.114998,120.438499,115.143898,119.411499,36790000
"Friday, April 29, 2022",117.578003,118.959999,114.694,114.966499,33694000
"Monday, May 2, 2022",113.906502,117.3395,113.399498,117.156998,30280000
"Tuesday, May 3, 2022",116.764999,119.300003,116.626999,118.129501,21216000
"Wednesday, May 4, 2022",118.003502,123.142998,115.738503,122.574997,33232000
"Thursday, May 5, 2022",120.220497,121.233253,115.182503,116.746498,43090000
"Friday, May 6, 2022",115.518997,117.498497,114.142998,115.660004,35310000
"Monday, May 9, 2022",113.303497,115.562897,112.551498,113.084,34520000
"Tuesday, May 10, 2022",116.040497,116.691002,113.383301,114.584503,31158000
"Wednesday, May 11, 2022",113.710503,116.670998,113.650002,113.960999,36502000
"Thursday, May 12, 2022",111.938004,114.856499,110.113503,113.161003,41464000
"Friday, May 13, 2022",114.845497,118.084999,114,116.515503,29738000
"Monday, May 16, 2022",115.384003,116.607498,114.334999,114.792503,23282000
"Tuesday, May 17, 2022",117.227501,117.227501,115.337502,116.7015,21576000
"Wednesday, May 18, 2022",115.237503,115.695648,112.141998,112.401001,27982000
"Thursday, May 19, 2022",111.841003,113.587502,110.468002,110.745499,29192000
"Friday, May 20, 2022",112.085503,112.550003,106.373001,109.313004,37586000
"Monday, May 23, 2022",110.103996,112.005501,109.154251,111.666496,31558000
"Tuesday, May 24, 2022",106.377502,106.394997,102.208,105.926003,60386000
"Wednesday, May 25, 2022",105.141998,106.544701,104.21125,105.8395,37900000
"Thursday, May 26, 2022",106.050499,108.955254,105.487999,108.295998,30288000
"Friday, May 27, 2022",109.788498,112.867996,109.550003,112.799004,29924000
"Tuesday, May 31, 2022",113.079002,116.433502,112.572502,114.039001,51302000
"Wednesday, June 1, 2022",114.931503,117.399002,113.550499,114.137001,28630000
"Thursday, June 2, 2022",114.188004,117.898003,113.307999,117.746002,27472000
"Friday, June 3, 2022",115.9925,116.364502,113.667999,114.564003,25052000
"Monday, June 6, 2022",116.7425,119.398499,116.528297,117.010498,23786000
"Tuesday, June 7, 2022",115.648003,117.74865,115.125504,117.2295,26414000
"Wednesday, June 8, 2022",116.876503,118.646004,116.696747,117.237999,22544000
"Thursday, June 9, 2022",116.341499,118.349998,114.866997,114.917999,23142000
"Friday, June 10, 2022",112.78125,113.497002,110.861,111.427498,31324000
"Monday, June 13, 2022",107.445999,109.218498,106.588051,106.876503,36756000
"Tuesday, June 14, 2022",106.889999,108.457497,106.351997,107.194,25480000
"Wednesday, June 15, 2022",108.899498,112.063004,108.118752,110.390503,33192000
"Thursday, June 16, 2022",108.149498,109.290497,105.792503,106.636002,35314000
"Friday, June 17, 2022",106.535004,109.249496,105.628548,107.865501,43516000
"Tuesday, June 21, 2022",109.702003,112.672997,109.293503,112.014999,39010000
"Wednesday, June 22, 2022",111.163002,113.769501,110.724297,112.033997,23922000
"Thursday, June 23, 2022",112.949997,113.196503,111.028999,112.684502,24710000
"Friday, June 24, 2022",113.602997,118.637497,113.602997,118.538002,39122000
"Monday, June 27, 2022",118.934998,119.25,116.000748,116.622498,32840000
"Tuesday, June 28, 2022",116.350998,117.856499,112.444,112.571503,28232000
"Wednesday, June 29, 2022",112.148499,113.664497,111.554001,112.2565,18628000
"Thursday, June 30, 2022",110.499496,111.329803,107.309998,109.372498,38046000
"Friday, July 1, 2022",108.336998,109.806351,107.105003,109.081001,31028000
"Tuesday, July 5, 2022",107.514503,114.052597,106.249496,113.887001,36398000
"Wednesday, July 6, 2022",114.092003,116.351997,112.250504,115.213501,28852000
"Thursday, July 7, 2022",116.008003,119.862,115.533997,119.306,32184000
"Friday, July 8, 2022",117.550003,120.434998,117.514,120.168503,29082000
"Monday, July 11, 2022",118.650002,118.794502,116.234497,116.522499,26718000
"Tuesday, July 12, 2022",116.838501,117.849503,114.614998,114.849503,24970000
"Wednesday, July 13, 2022",112.639,115.156998,111.822998,112.186996,38958000
"Thursday, July 14, 2022",110.825996,111.987503,109.3255,111.440002,32366000
"Friday, July 15, 2022",112.962997,114.000504,111.822502,112.766998,34330000
"Monday, July 18, 2022",113.440002,114.800003,109.300003,109.910004,33354000
"Tuesday, July 19, 2022",111.730003,114.809998,110.5,114.620003,30992300
"Wednesday, July 20, 2022",114.059998,116.330002,113.260002,114.699997,26780100
"Thursday, July 21, 2022",115.089996,115.209999,111.910004,115.040001,27267800
"Friday, July 22, 2022",111.809998,113.18,107.599998,108.360001,44455300
"Monday, July 25, 2022",108.879997,110.580002,107.010002,108.209999,28289900
"Tuesday, July 26, 2022",107.43,107.739998,104.760002,105.440002,36626600
"Wednesday, July 27, 2022",109.599998,114.400002,108.419998,113.599998,41474600
"Thursday, July 28, 2022",112.800003,114.699997,111.850998,114.589996,23303800
"Friday, July 29, 2022",113.400002,116.900002,113.230003,116.639999,31336200
"Monday, August 1, 2022",115.529999,117.120003,114.690002,115.480003,22856200
"Tuesday, August 2, 2022",114.43,117.080002,114.260002,115.900002,17911000
"Wednesday, August 3, 2022",116.339996,119.419998,116.150002,118.779999,25302800
"Thursday, August 4, 2022",118.300003,119.5,117.709999,118.870003,15757700
"Friday, August 5, 2022",116.93,118.860001,116.709999,118.220001,15615700
"Monday, August 8, 2022",119.120003,120.860001,117.830002,118.139999,17061100
"Tuesday, August 9, 2022",117.989998,118.199997,116.559998,117.5,15424300
"Wednesday, August 10, 2022",119.589996,121.779999,119.360001,120.650002,20497000
"Thursday, August 11, 2022",122.080002,122.339996,119.550003,119.82,16671600
"Friday, August 12, 2022",121.160004,122.650002,120.400002,122.650002,16121100
"Monday, August 15, 2022",122.209999,123.260002,121.57,122.879997,15525000
"Tuesday, August 16, 2022",122.32,123.227997,121.535004,122.510002,15626200
"Wednesday, August 17, 2022",120.93,122.150002,120.199997,120.32,17589200
"Thursday, August 18, 2022",120.230003,121.690002,119.550003,120.860001,15652000
"Friday, August 19, 2022",119.870003,120,117.669998,118.120003,20187000
"Monday, August 22, 2022",116.099998,116.5,114.669998,115.07,19316000
"Tuesday, August 23, 2022",114.32,115.93,114.300003,114.769997,14390700
"Wednesday, August 24, 2022",114.449997,115.717003,113.779999,114.699997,16051200
"Thursday, August 25, 2022",115.150002,117.779999,115.050003,117.699997,14874700
"Friday, August 26, 2022",115.809998,116.599998,111.220001,111.300003,31698700
"Monday, August 29, 2022",110.779999,111.959999,109.809998,110.339996,20386100
"Tuesday, August 30, 2022",111.029999,111.370003,108.800003,109.910004,20548200
"Wednesday, August 31, 2022",111.629997,111.769997,109.050003,109.150002,25898000
"Thursday, September 1, 2022",109.199997,111.220001,108.190002,110.550003,22784400
"Friday, September 2, 2022",111.339996,111.675003,108.129997,108.68,20618100
"Tuesday, September 6, 2022",108.135002,108.879997,106.510002,107.480003,20565100
"Wednesday, September 7, 2022",107.760002,110.989998,107.614998,110.480003,22987200
"Thursday, September 8, 2022",109.18,110.580002,108.059998,109.419998,21660700
"Friday, September 9, 2022",110.050003,112,110,111.779999,21732900
"Monday, September 12, 2022",111.989998,112.639999,110.93,111.870003,19732900
"Tuesday, September 13, 2022",108.889999,109.370003,105,105.309998,33015000
"Wednesday, September 14, 2022",105.440002,106.099998,104.5,105.870003,22115800
"Thursday, September 15, 2022",105.010002,106.209999,103.309998,103.900002,26494900
"Friday, September 16, 2022",102.970001,104.029999,101.855003,103.629997,64540100
"Monday, September 19, 2022",102.540001,104.019997,102.370003,103.849998,19738600
"Tuesday, September 20, 2022",102.879997,103.169998,101.120003,101.830002,24001700
"Wednesday, September 21, 2022",102.239998,103.489998,99.989998,100.010002,26596800
"Thursday, September 22, 2022",99.449997,101.68,99.410004,100.57,21272700
"Friday, September 23, 2022",100.059998,100.110001,98.010002,99.169998,25657000
"Monday, September 26, 2022",98.610001,100.440002,98.379997,98.809998,22437900
"Tuesday, September 27, 2022",99.910004,100.459999,97.339996,98.089996,24225000
"Wednesday, September 28, 2022",98.019997,101.400002,97.800003,100.739998,24617000
"Thursday, September 29, 2022",99.300003,99.300003,96.519997,98.089996,21921500
"Friday, September 30, 2022",97.730003,99.494003,96.029999,96.150002,26277800
"Monday, October 3, 2022",97.220001,99.970001,97.019997,99.300003,24840000
"Tuesday, October 4, 2022",101.040001,102.720001,101.040001,102.410004,22580900
"Wednesday, October 5, 2022",100.690002,102.739998,99.739998,102.220001,18475500
"Thursday, October 6, 2022",101.5,103.730003,101.5,102.239998,17156200
"Friday, October 7, 2022",100.650002,101.419998,99.209999,99.57,24249900
"Monday, October 10, 2022",99.849998,99.989998,97.870003,98.709999,16529900
"Tuesday, October 11, 2022",98.25,100.120003,97.25,98.050003,21617700
"Wednesday, October 12, 2022",98.269997,99.648003,97.669998,98.300003,17343400
"Thursday, October 13, 2022",95.93,100.529999,95.269997,99.709999,32812200
"Friday, October 14, 2022",100.625,101.290001,97.029999,97.18,22624800
"Monday, October 17, 2022",99.519997,101.769997,99.510002,100.779999,23311600
"Tuesday, October 18, 2022",103.940002,104.220001,100.650002,101.389999,21610500
"Wednesday, October 19, 2022",100.699997,101.658997,99.635002,100.290001,21573700
"Thursday, October 20, 2022",100.82,103,99.970001,100.529999,25125100
"Friday, October 21, 2022",98.459999,101.620003,98.230003,101.480003,28988700
"Monday, October 24, 2022",102.089996,103.099998,100.300003,102.970001,24680800
"Tuesday, October 25, 2022",103.300003,105.099998,103.019997,104.93,29910200
"Wednesday, October 26, 2022",96.760002,98.540001,94.57,94.82,71504300
"Thursday, October 27, 2022",94.309998,95.169998,91.900002,92.599998,54036500
"Friday, October 28, 2022",92.529999,96.860001,92.322998,96.580002,35696900
"Monday, October 31, 2022",95.779999,96.349998,94.379997,94.660004,29868700
"Tuesday, November 1, 2022",95.589996,96.165001,90.43,90.5,43220600
"Wednesday, November 2, 2022",90.910004,91.300003,87.010002,87.07,43553600
"Thursday, November 3, 2022",86.345001,86.550003,83.449997,83.489998,48510400
"Friday, November 4, 2022",85.510002,86.730003,83.879997,86.699997,40173300
"Monday, November 7, 2022",87.339996,88.940002,86.959999,88.650002,26899900
"Tuesday, November 8, 2022",89.160004,90.404999,87.650002,88.910004,30172000
"Wednesday, November 9, 2022",88.544998,89.489998,87.360001,87.400002,26743900
"Thursday, November 10, 2022",92.339996,94.550003,91.650002,94.169998,42371200
"Friday, November 11, 2022",94.709999,97.360001,94.160004,96.730003,30569100
"Monday, November 14, 2022",95.5,97.18,95.112999,96.029999,24170100
"Tuesday, November 15, 2022",98.669998,100.419998,97.019997,98.720001,31831000
"Wednesday, November 16, 2022",98.019997,99.849998,97.902,98.989998,24660200
"Thursday, November 17, 2022",97.18,99.480003,97.099998,98.5,21818700
"Friday, November 18, 2022",99.010002,99.160004,96.739998,97.800003,24969900
"Monday, November 21, 2022",97.559998,98.720001,95.669998,95.830002,18696900
"Tuesday, November 22, 2022",96.160004,97.547997,94.410004,97.330002,18868900
"Wednesday, November 23, 2022",97.339996,99.069,97.339996,98.82,17568900
"Friday, November 25, 2022",98.464996,98.940002,97.529999,97.599998,8567800
"Monday, November 28, 2022",97.199997,97.830002,95.889999,96.25,19974500
"Tuesday, November 29, 2022",96,96.389999,94.389999,95.440002,20220000
"Wednesday, November 30, 2022",95.120003,101.449997,94.669998,101.449997,39888100
"Thursday, December 1, 2022",101.400002,102.589996,100.669998,101.279999,21771500
"Friday, December 2, 2022",99.370003,101.150002,99.169998,100.830002,18821500
"Monday, December 5, 2022",99.815002,101.75,99.355003,99.870003,19955500
"Tuesday, December 6, 2022",99.669998,100.209999,96.760002,97.309998,20877600
"Wednesday, December 7, 2022",96.769997,97.309998,95.025002,95.150002,26647900
"Thursday, December 8, 2022",95.690002,95.870003,93.800003,93.949997,25593200
"Friday, December 9, 2022",93.900002,94.489998,93.019997,93.07,21885300
"Monday, December 12, 2022",93.089996,93.875,91.900002,93.559998,27380900
"Tuesday, December 13, 2022",98.07,99.800003,95.379997,95.849998,34788500
"Wednesday, December 14, 2022",95.540001,97.220001,93.940002,95.309998,26452900
"Thursday, December 15, 2022",93.540001,94.029999,90.43,91.199997,28298800
"Friday, December 16, 2022",91.199997,91.75,90.010002,90.860001,48485500
"Monday, December 19, 2022",90.879997,91.199997,88.925003,89.150002,23020500
"Tuesday, December 20, 2022",88.730003,89.779999,88.040001,89.629997,21976800
"Wednesday, December 21, 2022",89.730003,90.915001,88.910004,90.25,20336400
"Thursday, December 22, 2022",88.93,89.18,86.940002,88.260002,23656100
"Friday, December 23, 2022",87.620003,90.099998,87.620003,89.809998,17815000
"Tuesday, December 27, 2022",89.309998,89.5,87.535004,87.93,15470900
"Wednesday, December 28, 2022",87.5,88.519997,86.370003,86.459999,17879600
"Thursday, December 29, 2022",87.029999,89.364998,86.989998,88.949997,18280700
"Friday, December 30, 2022",87.364998,88.830002,87.029999,88.730003,19190300
"Tuesday, January 3, 2023",89.830002,91.550003,89.019997,89.699997,20738500
"Wednesday, January 4, 2023",91.010002,91.239998,87.800003,88.709999,27046500
"Thursday, January 5, 2023",88.07,88.209999,86.559998,86.769997,23136100
"Friday, January 6, 2023",87.360001,88.470001,85.57,88.160004,26612600
"Monday, January 9, 2023",89.195,90.830002,88.580002,88.800003,22996700
"Tuesday, January 10, 2023",86.720001,89.474998,86.699997,89.239998,22855600
"Wednesday, January 11, 2023",90.059998,92.449997,89.739998,92.260002,25998800
"Thursday, January 12, 2023",92.400002,92.620003,90.57,91.910004,22754200
"Friday, January 13, 2023",91.528,92.980003,90.93,92.800003,18630700
"Tuesday, January 17, 2023",92.779999,92.970001,90.839996,92.160004,22935800
"Wednesday, January 18, 2023",92.940002,93.587997,91.400002,91.779999,19641600
"Thursday, January 19, 2023",91.389999,94.400002,91.379997,93.910004,28707700
"Friday, January 20, 2023",95.949997,99.419998,95.910004,99.279999,53704800
"Monday, January 23, 2023",99.129997,101.400002,98.75,101.209999,31791800
"Tuesday, January 24, 2023",99.550003,101.089996,98.699997,99.209999,27391400
"Wednesday, January 25, 2023",97.199997,97.720001,95.262001,96.730003,31000900
"Thursday, January 26, 2023",98.279999,99.209999,96.82,99.160004,24542100
"Friday, January 27, 2023",99.050003,101.580002,98.970001,100.709999,29020400
"Monday, January 30, 2023",98.745003,99.408997,97.519997,97.949997,24365100
"Tuesday, January 31, 2023",97.860001,99.910004,97.790001,99.870003,22306800
"Wednesday, February 1, 2023",99.739998,102.190002,98.419998,101.43,26392600
"Thursday, February 2, 2023",106.790001,108.82,106.540001,108.800003,46622600
"Friday, February 3, 2023",103.510002,108.019997,103.300003,105.220001,36823400
"Monday, February 6, 2023",102.684998,104.699997,102.209999,103.470001,25573000
"Tuesday, February 7, 2023",103.629997,108.669998,103.547997,108.040001,33738800
"Wednesday, February 8, 2023",102.690002,103.580002,98.455002,100,73546000
"Thursday, February 9, 2023",100.540001,100.610001,93.860001,95.459999,97798600
"Friday, February 10, 2023",95.739998,97.019997,94.529999,94.860001,49325300
"Monday, February 13, 2023",95.010002,95.349998,94.050003,95,43116600
"Tuesday, February 14, 2023",94.660004,95.175003,92.650002,94.949997,42513100
"Wednesday, February 15, 2023",94.739998,97.339996,94.360001,97.099998,36964500
"Thursday, February 16, 2023",95.540001,97.879997,94.970001,95.779999,35642100
"Friday, February 17, 2023",95.07,95.75,93.449997,94.589996,31095100
"Tuesday, February 21, 2023",93.239998,93.415001,92,92.050003,28367200
"Wednesday, February 22, 2023",91.933998,92.360001,90.870003,91.800003,29891100
"Thursday, February 23, 2023",92.129997,92.129997,90.010002,91.07,32423700
"Friday, February 24, 2023",89.629997,90.129997,88.860001,89.349998,31295600
"Monday, February 27, 2023",90.089996,90.449997,89.610001,90.099998,22724300
"Tuesday, February 28, 2023",89.540001,91.449997,89.519997,90.300003,30546900
"Wednesday, March 1, 2023",90.160004,91.199997,89.849998,90.510002,26323900
"Thursday, March 2, 2023",89.860001,92.480003,89.769997,92.309998,23328600
"Friday, March 3, 2023",92.739998,94.110001,92.660004,94.019997,30242500
"Monday, March 6, 2023",94.360001,96.300003,94.300003,95.580002,28288200
"Tuesday, March 7, 2023",95.419998,96.089996,93.844002,94.169998,24101500
"Wednesday, March 8, 2023",94.404999,96.239998,94.404999,94.650002,25395200
"Thursday, March 9, 2023",94.489998,95.919998,92.355003,92.660004,24438900
"Friday, March 10, 2023",92.5,93.18,90.800003,91.010002,32850100
"Monday, March 13, 2023",90.565002,93.080002,89.940002,91.660004,31508600
"Tuesday, March 14, 2023",93.07,94.830002,92.779999,94.25,32303900
"Wednesday, March 15, 2023",93.540001,97.25,93.040001,96.550003,38367300
"Thursday, March 16, 2023",96.57,101.970001,95.870003,101.07,54499500
"Friday, March 17, 2023",100.839996,103.489998,100.75,102.459999,76140300
"Monday, March 20, 2023",101.059998,102.580002,100.790001,101.93,26033900
"Tuesday, March 21, 2023",101.980003,105.959999,101.860001,105.839996,33122800
"Wednesday, March 22, 2023",105.139999,107.510002,104.209999,104.220001,32336900
"Thursday, March 23, 2023",105.889999,107.100998,105.410004,106.260002,31385800
"Friday, March 24, 2023",105.739998,106.160004,104.739998,106.059998,25236200
"Monday, March 27, 2023",105.32,105.400002,102.629997,103.059998,25393400
"Tuesday, March 28, 2023",103,103,100.279999,101.360001,24913500
"Wednesday, March 29, 2023",102.720001,102.82,101.029999,101.900002,26148300
"Thursday, March 30, 2023",101.440002,101.610001,100.290001,101.32,25009800
"Friday, March 31, 2023",101.709999,104.190002,101.440002,104,28108000
"Monday, April 3, 2023",102.669998,104.949997,102.379997,104.910004,20719900
"Tuesday, April 4, 2023",104.839996,106.099998,104.599998,105.120003,20377200
"Wednesday, April 5, 2023",106.120003,106.540001,104.101997,104.949997,21864200
"Thursday, April 6, 2023",105.769997,109.629997,104.815002,108.900002,34684200
"Monday, April 10, 2023",107.389999,107.970001,105.599998,106.949997,19741500
"Tuesday, April 11, 2023",106.919998,107.220001,105.279999,106.120003,18721300
"Wednesday, April 12, 2023",107.389999,107.586998,104.970001,105.220001,22761600
"Thursday, April 13, 2023",106.470001,108.264999,106.440002,108.190002,21650700
"Friday, April 14, 2023",107.690002,109.580002,107.589996,109.459999,20758700
"Monday, April 17, 2023",105.43,106.709999,105.32,106.419998,29043400
"Tuesday, April 18, 2023",107,107.050003,104.779999,105.120003,17641400
"Wednesday, April 19, 2023",104.214996,105.724998,103.800003,105.019997,16732000
"Thursday, April 20, 2023",104.650002,106.888,104.639999,105.900002,22515300
"Friday, April 21, 2023",106.089996,106.639999,105.485001,105.910004,22379000
"Monday, April 24, 2023",106.050003,107.32,105.360001,106.779999,21410900
"Tuesday, April 25, 2023",106.610001,107.440002,104.559998,104.610001,31408100
"Wednesday, April 26, 2023",105.559998,107.019997,103.269997,104.449997,37068200
"Thursday, April 27, 2023",105.230003,109.150002,104.419998,108.370003,38235200
"Friday, April 28, 2023",107.800003,108.290001,106.040001,108.220001,23957900
"Monday, May 1, 2023",107.720001,108.68,107.5,107.709999,20926300
"Tuesday, May 2, 2023",107.660004,107.730003,104.5,105.980003,20343100
"Wednesday, May 3, 2023",106.220001,108.129997,105.620003,106.120003,17116300
"Thursday, May 4, 2023",106.160004,106.300003,104.699997,105.209999,19780600
"Friday, May 5, 2023",105.32,106.440002,104.738998,106.214996,20705300
"Monday, May 8, 2023",105.794998,108.419998,105.790001,108.239998,17266000
"Tuesday, May 9, 2023",108.779999,110.595001,107.724998,107.940002,24782400
"Wednesday, May 10, 2023",108.550003,113.510002,108.480003,112.279999,47533500
"Thursday, May 11, 2023",115.860001,118.440002,114.93,116.900002,57115100
"Friday, May 12, 2023",117,118.260002,116.550003,117.919998,31272500
"Monday, May 15, 2023",116.489998,118.794998,116.480003,116.959999,22107900
"Tuesday, May 16, 2023",116.830002,121.199997,116.830002,120.089996,32370100
"Wednesday, May 17, 2023",120.18,122.279999,119.459999,121.480003,26659600
"Thursday, May 18, 2023",121.559998,123.900002,121.489998,123.519997,27014500
"Friday, May 19, 2023",124.199997,126.478996,122.720001,123.25,30251300
"Monday, May 22, 2023",123.510002,127.050003,123.449997,125.870003,29760200
"Tuesday, May 23, 2023",124.93,125.419998,123.050003,123.290001,24477900
"Wednesday, May 24, 2023",121.879997,122.75,120.75,121.639999,23087900
"Thursday, May 25, 2023",125.209999,125.980003,122.900002,124.349998,33812700
"Friday, May 26, 2023",124.065002,126,123.290001,125.43,25154700
"Tuesday, May 30, 2023",126.290001,126.379997,122.889999,124.639999,27230700
"Wednesday, May 31, 2023",123.699997,124.900002,123.099998,123.370003,41548800
"Thursday, June 1, 2023",123.5,125.040001,123.300003,124.370003,25017700
"Friday, June 2, 2023",124.489998,126.745003,124.349998,125.230003,19362400
"Monday, June 5, 2023",124.610001,127.989998,124.379997,126.629997,22672500
"Tuesday, June 6, 2023",126.599998,128.880005,125.970001,127.910004,19450100
"Wednesday, June 7, 2023",127.574997,129.550003,122.629997,122.940002,34179300
"Thursday, June 8, 2023",122.584999,123.730003,122.010002,122.669998,24815000
"Friday, June 9, 2023",122.559998,124.285004,122.419998,122.870003,20304500
"Monday, June 12, 2023",123.394997,124.75,122.349998,124.349998,22255700
"Tuesday, June 13, 2023",125.650002,125.860001,123.845001,124.43,19287700
"Wednesday, June 14, 2023",123.800003,124.790001,122.160004,124.379997,24659600
"Thursday, June 15, 2023",123.879997,126.160004,123.139999,125.790001,24517100
"Friday, June 16, 2023",126.699997,126.699997,123.790001,124.059998,56686800
"Tuesday, June 20, 2023",123.535004,125.175003,122.830002,123.849998,22698000
"Wednesday, June 21, 2023",123.235001,123.410004,120.860001,121.260002,22612000
"Thursday, June 22, 2023",120.660004,123.934998,119.599998,123.870003,20781900
"Friday, June 23, 2023",122.040001,123.440002,121.860001,123.019997,29542900
"Monday, June 26, 2023",121.466003,122.720001,118.989998,119.089996,23185000
"Tuesday, June 27, 2023",117.839996,119.894997,116.910004,119.010002,27221700
"Wednesday, June 28, 2023",117.959999,121.269997,117.599998,121.080002,19753100
"Thursday, June 29, 2023",120.089996,120.910004,119.209999,120.010002,18517500
"Friday, June 30, 2023",121.099998,122.029999,120.879997,120.970001,23865800
"Monday, July 3, 2023",120.32,121.019997,119.705002,120.559998,13888300
"Wednesday, July 5, 2023",120.059998,123.370003,120.059998,122.629997,17830300
"Thursday, July 6, 2023",120.639999,121.150002,119.25,120.93,17732500
"Friday, July 7, 2023",120.889999,121.75,120.089996,120.139999,20982400
"Monday, July 10, 2023",119.07,119.07,116.639999,116.870003,32960100
"Tuesday, July 11, 2023",116.760002,118.224998,115.830002,117.709999,18286600
"Wednesday, July 12, 2023",119.300003,120.959999,119,119.620003,22059600
"Thursday, July 13, 2023",121.540001,125.334999,121.059998,124.830002,31535900
"Friday, July 14, 2023",125.129997,127.089996,124.900002,125.699997,20482800
"Monday, July 17, 2023",126.059998,127.279999,124.5,125.059998,20675300
"Tuesday, July 18, 2023",124.904999,124.989998,123.300003,124.080002,21071200
"Wednesday, July 19, 2023",124.790001,125.470001,122.470001,122.779999,22313800
"Thursday, July 20, 2023",122.120003,124.699997,118.684998,119.529999,27541700
"Friday, July 21, 2023",120.870003,121.300003,119.07,120.309998,56498100
"Monday, July 24, 2023",121.926003,123.349998,121.379997,121.879997,22276100
"Tuesday, July 25, 2023",121.879997,123.690002,121.529999,122.790001,31820800
"Wednesday, July 26, 2023",130.360001,131.369995,128.710007,129.660004,46216900
"Thursday, July 27, 2023",131.800003,133.600006,129.179993,129.869995,35931600
"Friday, July 28, 2023",130.970001,134.070007,130.919998,133.009995,26971000
"Monday, July 31, 2023",133.009995,133.830002,132.130005,133.110001,18381900
"Tuesday, August 1, 2023",130.854996,132.919998,130.75,131.889999,22154300
"Wednesday, August 2, 2023",129.839996,130.419998,127.849998,128.639999,22705800
"Thursday, August 3, 2023",128.369995,129.770004,127.775002,128.770004,15018100
"Friday, August 4, 2023",129.600006,131.929993,128.315002,128.539993,20509500
"Monday, August 7, 2023",129.509995,132.059998,129.429993,131.940002,17621000
"Tuesday, August 8, 2023",130.979996,131.940002,130.130005,131.839996,16836000
"Wednesday, August 9, 2023",132.190002,132.470001,129.505005,130.149994,17745200
"Thursday, August 10, 2023",131.970001,132.647003,130.035004,130.210007,17855700
"Friday, August 11, 2023",129.201996,130.440002,128.75,130.169998,15191500
"Monday, August 14, 2023",129.850006,131.910004,129.589996,131.830002,17526200
"Tuesday, August 15, 2023",131.589996,131.990005,129.819,130.270004,14769200
"Wednesday, August 16, 2023",129.279999,130.897995,128.460007,129.110001,17548400
"Thursday, August 17, 2023",130.449997,132.490997,129.850006,130.460007,23665600
"Friday, August 18, 2023",129.059998,129.830002,127,128.110001,23619400
"Monday, August 21, 2023",127.849998,129.259995,127.160004,128.929993,21851100
"Tuesday, August 22, 2023",129.130005,130.949997,128.925003,129.690002,15569400
"Wednesday, August 23, 2023",130.850006,134.070007,130.509995,133.210007,26497000
"Thursday, August 24, 2023",134.727005,134.970001,130.300003,130.419998,18680400
"Friday, August 25, 2023",130.139999,131.399994,128.039993,130.690002,20678100
"Monday, August 28, 2023",132.080002,133.240005,130.850006,131.789993,16715500
"Tuesday, August 29, 2023",132.998001,137.294998,132.979996,135.490005,30803300
"Wednesday, August 30, 2023",135.570007,137.25,135.020996,136.929993,21773400
"Thursday, August 31, 2023",137.050003,138.399994,136.820007,137.350006,28147900
"Friday, September 1, 2023",138.429993,138.580002,135.940002,136.800003,16665700
