,Age,Income,Education,PersonalLoan
0,25,49,1,0
1,45,34,1,0
2,39,11,1,0
3,35,100,2,0
4,35,45,2,0
5,37,29,2,0
6,53,72,2,0
7,50,22,3,0
8,35,81,2,0
9,34,180,3,1
10,65,105,3,0
11,29,45,2,0
12,48,114,3,0
13,59,40,2,0
14,67,112,1,0
15,60,22,3,0
16,38,130,3,1
17,42,81,1,0
18,46,193,3,1
19,55,21,2,0
20,56,25,2,0
21,57,63,3,0
22,29,62,1,0
23,44,43,1,0
24,36,152,1,0
25,43,29,1,0
26,40,83,3,0
27,46,158,1,0
28,56,48,3,0
29,38,119,2,1
30,59,35,3,0
31,40,29,2,0
32,53,41,3,0
33,30,18,3,0
34,31,50,3,0
35,48,81,1,0
36,59,121,1,0
37,51,71,3,0
38,42,141,3,1
39,38,80,3,0
40,57,84,3,0
41,34,60,1,0
42,32,132,2,1
43,39,45,1,0
44,46,104,1,0
45,57,52,1,0
46,39,43,2,0
47,37,194,3,1
48,56,81,3,0
49,40,49,1,0
50,32,8,2,0
51,61,131,1,0
52,30,72,1,0
53,50,190,3,1
54,29,44,3,0
55,41,139,1,0
56,55,29,2,0
57,56,131,3,1
58,28,93,1,0
59,31,188,1,0
60,49,39,2,0
61,47,125,1,0
62,42,22,1,0
63,42,32,2,0
64,47,105,1,0
65,59,131,1,0
66,62,105,1,0
67,53,45,3,0
68,47,60,1,0
69,53,20,1,0
70,42,115,1,0
71,53,69,2,0
72,44,130,1,0
73,41,85,3,0
74,28,135,1,0
75,31,135,2,1
76,58,12,3,0
77,46,29,2,0
78,54,133,3,1
79,50,19,1,0
80,60,41,1,0
81,47,40,2,0
82,41,82,3,0
83,33,50,2,0
84,46,18,3,0
85,27,109,3,0
86,40,42,2,0
87,48,78,1,0
88,65,51,1,0
89,25,113,3,0
90,55,118,2,1
91,35,29,3,0
92,43,34,2,0
93,60,64,3,0
94,65,121,1,0
95,38,48,3,0
96,41,80,1,0
97,54,161,1,0
98,49,94,1,0
99,66,15,3,0
100,48,74,1,0
101,61,30,2,0
102,53,44,3,0
103,43,22,2,0
104,56,38,1,0
105,24,35,2,0
106,43,69,1,0
107,42,43,1,0
108,33,32,3,0
109,43,49,1,0
110,41,9,2,0
111,62,45,2,0
112,40,82,1,0
113,58,92,1,0
114,39,39,3,0
115,65,81,2,0
116,54,35,2,0
117,58,61,3,0
118,41,73,1,0
119,32,112,1,0
120,54,12,3,0
121,52,38,3,0
122,58,73,2,0
123,37,84,2,0
124,39,78,1,0
125,60,80,1,0
126,31,115,1,0
127,34,82,2,0
128,38,74,1,0
129,41,70,3,0
130,28,81,1,0
131,58,149,2,1
132,31,51,3,0
133,30,39,2,0
134,53,98,2,0
135,58,45,1,0
136,59,49,2,0
137,49,128,1,0
138,59,42,1,0
139,59,18,3,0
140,51,31,3,0
141,35,58,1,0
142,33,48,3,0
143,25,54,1,0
144,49,70,2,0
145,59,124,1,0
146,46,84,2,0
147,50,83,3,0
148,52,163,1,0
149,48,42,2,0
150,46,118,1,0
151,26,132,3,1
152,57,24,1,0
153,60,22,1,0
154,54,58,3,0
155,24,60,1,0
156,26,15,1,0
157,41,83,1,0
158,32,79,3,0
159,61,41,2,0
160,29,134,3,1
161,61,80,1,0
162,38,52,1,0
163,28,70,1,0
164,53,92,1,0
165,27,43,1,0
166,25,21,2,0
167,33,23,3,0
168,50,13,1,0
169,27,112,3,0
170,27,138,1,0
171,52,11,1,0
172,38,171,1,0
173,58,42,1,0
174,42,168,2,1
175,45,85,2,0
176,52,44,2,0
177,29,65,2,0
178,53,24,1,0
179,62,11,1,0
180,51,38,3,0
181,36,10,2,0
182,24,135,1,0
183,29,148,1,1
184,52,63,2,0
185,39,115,3,0
186,48,45,1,0
187,46,159,3,1
188,64,169,1,0
189,55,112,1,0
190,60,93,1,0
191,51,29,3,0
192,50,85,2,0
193,48,21,1,0
194,53,144,1,0
195,34,13,1,0
196,48,165,1,0
197,55,9,1,0
198,27,59,1,0
199,36,158,3,1
200,32,29,3,0
201,35,20,3,0
202,30,68,2,0
203,58,65,1,0
204,56,61,2,0
205,38,91,2,0
206,49,31,1,0
207,34,71,2,0
208,40,73,1,0
209,64,172,1,1
210,51,20,1,0
211,44,55,1,0
212,46,69,1,0
213,57,155,1,0
214,54,94,2,0
215,38,92,1,0
216,27,125,1,0
217,39,74,1,0
218,44,72,3,0
219,56,61,3,0
220,32,25,1,0
221,45,83,2,0
222,26,104,1,0
223,55,41,3,0
224,52,58,3,0
225,39,93,3,0
226,24,39,2,0
227,47,148,1,0
228,47,53,3,0
229,48,71,1,0
230,47,92,2,0
231,35,61,3,0
232,46,38,2,0
233,62,58,1,0
234,26,80,2,0
235,38,71,3,0
236,43,89,3,0
237,62,83,3,0
238,57,28,1,0
239,28,52,2,0
240,51,70,1,0
241,48,71,3,0
242,41,75,3,0
243,65,170,3,1
244,41,78,1,0
245,35,25,2,0
246,38,60,3,0
247,53,120,2,1
248,55,99,1,0
249,26,55,3,0
250,30,29,2,0
251,54,170,2,1
252,65,53,1,0
253,47,138,1,0
254,65,134,3,1
255,66,42,3,0
256,26,99,3,0
257,66,18,1,0
258,35,24,1,0
259,56,55,1,0
260,51,58,1,0
261,42,111,3,1
262,49,33,3,0
263,27,74,2,0
264,45,38,1,0
265,49,23,3,0
266,63,61,1,0
267,47,81,1,0
268,64,129,1,0
269,43,33,3,0
270,60,63,1,0
271,40,70,2,0
272,29,45,1,0
273,41,65,3,0
274,30,74,1,0
275,49,50,3,0
276,30,22,3,0
277,29,30,3,0
278,50,21,1,0
279,39,155,1,0
280,33,64,3,0
281,57,65,3,0
282,34,71,3,0
283,61,40,2,0
284,44,69,3,0
285,40,69,2,0
286,51,45,2,0
287,37,62,2,0
288,44,172,3,1
289,42,24,2,0
290,51,80,1,0
291,43,8,2,0
292,30,38,1,0
293,45,93,3,0
294,35,55,1,0
295,60,64,3,0
296,34,122,1,0
297,55,70,3,0
298,43,81,1,0
299,41,159,3,1
300,34,70,1,0
301,65,150,1,0
302,45,152,1,0
303,49,195,1,1
304,48,22,1,0
305,60,22,1,0
306,55,79,1,0
307,42,33,3,0
308,32,128,1,0
309,62,91,1,0
310,57,39,1,0
311,52,121,1,0
312,36,21,3,0
313,34,41,1,0
314,63,45,3,0
315,24,51,3,0
316,57,165,2,1
317,40,119,2,1
318,27,110,3,0
319,65,20,2,0
320,60,64,2,0
321,44,101,2,1
322,63,101,1,1
323,59,99,1,1
324,56,158,1,1
325,54,89,2,0
326,52,80,3,0
327,58,114,1,0
328,60,49,2,0
329,28,191,1,0
330,54,78,2,0
331,32,28,1,0
332,59,42,2,0
333,63,140,1,0
334,48,45,2,0
335,56,122,1,0
336,36,65,2,0
337,57,68,3,0
338,29,153,1,0
339,39,89,2,0
340,59,91,1,0
341,31,55,2,0
342,43,118,1,0
343,35,22,3,0
344,54,63,3,0
345,51,12,2,0
346,44,50,2,0
347,25,43,3,0
348,40,173,1,1
349,26,60,1,1
350,39,113,3,0
351,28,155,2,1
352,52,91,2,0
353,53,55,2,0
354,44,173,1,0
355,43,71,3,0
356,56,24,3,0
357,38,42,2,0
358,30,141,1,0
359,32,32,3,0
360,35,55,1,0
361,43,153,1,0
362,58,113,1,0
363,25,30,2,0
364,54,29,3,0
365,57,174,2,1
366,50,35,3,0
367,32,98,2,0
368,63,30,3,0
369,31,58,1,0
370,36,25,1,0
371,58,19,1,0
372,56,44,2,0
373,49,20,1,0
374,30,98,1,0
375,33,90,1,0
376,45,61,1,0
377,30,40,2,0
378,47,38,3,0
379,25,28,2,0
380,63,34,3,0
381,55,73,3,0
382,65,133,1,1
383,44,53,1,0
384,51,21,3,0
385,35,40,1,0
386,30,41,2,0
387,31,82,2,0
388,54,100,3,1
389,45,155,1,0
390,45,45,1,0
391,58,9,3,0
392,54,48,3,0
393,53,18,3,0
394,33,80,1,0
395,60,64,1,0
396,50,29,1,0
397,26,48,2,0
398,54,23,1,0
399,28,84,1,0
400,36,179,1,1
401,29,30,2,0
402,54,93,1,0
403,55,39,2,0
404,61,60,2,0
405,36,133,1,0
406,45,125,1,0
407,64,58,3,0
408,60,89,1,0
409,49,82,2,0
410,47,110,1,0
411,60,54,3,0
412,45,89,3,0
413,32,42,1,0
414,52,41,2,0
415,35,38,2,0
416,40,85,1,0
417,53,83,2,0
418,27,33,3,0
419,58,50,1,0
420,47,58,3,0
421,28,115,2,1
422,46,145,1,0
423,43,161,1,0
424,56,38,1,0
425,28,28,1,0
426,42,75,1,0
427,32,35,1,0
428,62,24,1,0
429,37,78,2,0
430,51,113,3,0
431,39,75,1,0
432,43,91,1,0
433,52,31,1,0
434,30,45,2,0
435,52,80,1,0
436,61,50,3,0
437,36,31,2,0
438,58,113,2,1
439,47,29,1,0
440,64,59,1,0
441,52,43,2,0
442,58,122,3,1
443,48,29,1,0
444,64,91,3,0
445,58,65,3,0
446,47,22,1,0
447,49,71,3,0
448,31,60,2,0
449,61,60,3,0
450,51,69,1,0
451,28,48,3,0
452,39,21,2,0
453,54,53,2,0
454,50,29,3,0
455,30,60,2,0
456,64,42,2,0
457,29,69,3,0
458,48,20,1,0
459,35,200,1,0
460,60,141,1,0
461,55,81,1,0
462,29,183,3,1
463,48,149,2,1
464,43,83,3,1
465,66,35,2,0
466,25,13,3,0
467,45,39,1,0
468,34,21,3,0
469,48,10,3,0
470,32,84,2,0
471,50,30,1,0
472,43,31,1,0
473,64,182,2,1
474,60,114,1,0
475,43,152,2,1
476,60,53,2,0
477,64,24,2,0
478,44,150,1,0
479,60,132,1,0
480,54,68,3,0
481,33,53,1,0
482,56,173,2,1
483,29,30,2,0
484,25,113,1,0
485,60,15,2,0
486,55,84,1,0
487,39,88,2,0
488,37,43,1,0
489,53,43,3,0
490,34,90,1,0
491,42,34,1,0
492,60,38,1,0
493,50,173,1,0
494,41,160,1,0
495,25,44,2,0
496,50,83,3,0
497,48,94,3,0
498,32,43,3,0
499,50,42,2,0
500,59,34,1,0
501,50,39,2,0
502,44,70,2,0
503,31,39,3,0
504,40,44,3,0
505,36,69,2,1
506,51,44,3,0
507,64,32,3,0
508,47,15,3,0
509,52,118,1,0
510,51,62,2,0
511,31,82,2,0
512,39,54,1,0
513,30,48,3,0
514,27,74,3,0
515,41,113,3,0
516,53,81,2,0
517,54,43,2,0
518,28,34,2,0
519,34,48,3,0
520,61,54,2,0
521,48,75,2,0
522,36,72,1,0
523,56,39,1,0
524,24,75,1,0
525,64,79,1,0
526,26,205,1,0
527,33,65,1,0
528,64,122,1,1
529,39,82,2,0
530,54,21,1,0
531,32,50,3,0
532,62,39,1,0
533,27,101,1,0
534,53,41,3,0
535,51,132,1,0
536,25,43,2,0
537,44,131,3,1
538,31,11,2,0
539,57,21,3,0
540,25,109,3,0
541,30,141,1,0
542,40,81,1,0
543,63,54,1,0
544,35,164,1,0
545,43,28,1,0
546,27,68,3,0
547,44,44,3,0
548,49,61,3,0
549,61,35,2,0
550,60,54,2,0
551,59,14,1,0
552,28,52,1,0
553,52,101,1,0
554,28,149,1,0
555,34,35,1,0
556,60,21,3,0
557,39,118,1,0
558,30,38,2,0
559,49,24,1,0
560,43,59,3,0
561,63,41,3,0
562,28,85,2,0
563,51,12,1,0
564,33,32,3,0
565,55,79,1,0
566,53,175,3,1
567,34,28,1,0
568,34,41,1,0
569,40,70,1,0
570,49,161,2,1
571,35,53,2,0
572,39,128,1,0
573,55,50,2,0
574,29,80,2,0
575,54,93,2,0
576,25,48,3,0
577,52,149,1,0
578,46,49,2,0
579,57,88,2,0
580,52,22,3,0
581,28,55,1,0
582,44,72,3,0
583,24,38,2,0
584,40,114,1,0
585,34,83,3,0
586,39,101,1,0
587,50,94,1,0
588,41,40,1,0
589,31,128,1,0
590,29,39,3,0
591,30,51,1,0
592,44,79,3,0
593,33,48,2,0
594,50,85,1,0
595,42,41,1,0
596,48,152,3,1
597,24,125,1,0
598,56,11,3,0
599,28,103,1,0
600,56,141,1,0
601,58,38,1,0
602,29,135,1,0
603,63,28,2,0
604,28,70,1,0
605,57,41,1,0
606,34,81,2,0
607,28,170,3,1
608,27,55,2,0
609,37,24,3,0
610,52,81,2,0
611,49,32,1,0
612,65,129,1,0
613,60,108,1,0
614,37,180,1,0
615,63,139,1,0
616,40,33,3,0
617,46,74,3,0
618,63,42,3,0
619,57,73,3,0
620,33,115,2,1
621,41,114,2,0
622,41,92,1,0
623,44,34,3,0
624,33,54,2,0
625,52,64,3,0
626,30,42,3,0
627,45,70,1,0
628,49,51,2,0
629,45,71,1,0
630,32,35,1,0
631,45,40,2,0
632,57,165,3,1
633,61,18,3,0
634,57,32,1,0
635,60,35,1,0
636,40,120,1,0
637,53,31,3,0
638,42,35,1,0
639,62,32,3,0
640,43,85,3,0
641,35,139,1,0
642,50,103,1,0
643,45,152,1,0
644,52,33,2,0
645,35,84,2,0
646,58,61,1,0
647,62,64,1,0
648,50,34,2,0
649,25,82,3,0
650,47,122,3,1
651,28,58,1,0
652,34,92,1,0
653,49,78,2,0
654,54,129,3,1
655,50,13,3,0
656,37,81,3,0
657,38,23,3,0
658,52,35,3,0
659,63,79,2,0
660,39,165,1,0
661,63,52,1,0
662,65,185,2,1
663,46,49,2,0
664,54,64,3,0
665,54,61,3,0
666,52,112,1,0
667,63,72,3,0
668,66,18,1,0
669,56,41,2,0
670,23,61,1,0
671,65,105,2,1
672,51,23,1,0
673,34,22,3,0
674,49,59,1,0
675,29,33,2,0
676,47,11,3,0
677,46,204,1,0
678,52,61,3,0
679,55,103,2,0
680,61,51,1,0
681,34,164,3,1
682,58,12,2,0
683,40,82,2,0
684,43,164,1,0
685,35,48,2,0
686,24,38,2,0
687,48,65,2,0
688,44,71,1,0
689,54,18,1,0
690,59,52,3,0
691,45,48,2,0
692,26,30,3,0
693,40,40,3,0
694,32,112,1,0
695,29,115,1,0
696,51,63,3,0
697,42,85,3,0
698,64,59,3,0
699,44,68,3,0
700,37,84,1,0
701,44,62,3,0
702,35,109,1,1
703,41,141,1,0
704,56,129,1,0
705,62,30,2,0
706,58,148,1,0
707,47,25,2,0
708,35,21,1,0
709,29,72,1,0
710,43,59,3,0
711,62,83,2,0
712,41,10,2,0
713,34,84,2,0
714,50,98,2,0
715,47,32,1,0
716,29,31,2,0
717,59,94,1,0
718,56,21,3,0
719,61,110,1,0
720,58,38,3,0
721,49,39,3,0
722,45,132,2,1
723,50,61,1,0
724,64,92,1,0
725,39,119,1,0
726,58,53,1,0
727,62,18,2,0
728,45,114,2,1
729,58,90,3,0
730,43,140,1,0
731,28,90,1,0
732,26,85,1,0
733,49,80,1,0
734,66,53,1,0
735,33,49,2,0
736,61,152,3,1
737,64,138,2,1
738,36,80,2,0
739,49,82,2,0
740,52,195,1,0
741,61,22,3,0
742,32,81,1,0
743,61,40,1,0
744,45,154,1,0
745,30,49,2,0
746,62,85,2,0
747,57,21,2,0
748,41,14,1,0
749,58,60,2,0
750,29,138,1,0
751,53,98,3,0
752,64,22,2,0
753,49,49,2,0
754,38,102,1,0
755,56,45,2,0
756,56,82,3,0
757,52,81,2,0
758,64,35,2,0
759,53,59,2,0
760,29,52,2,0
761,48,84,1,0
762,32,85,2,0
763,54,65,1,0
764,37,89,2,0
765,47,109,1,1
766,37,81,1,0
767,64,38,3,0
768,43,72,1,0
769,33,78,2,0
770,26,172,2,1
771,42,71,1,0
772,54,165,3,1
773,41,120,1,0
774,55,39,1,0
775,65,23,2,0
776,50,135,3,1
777,55,12,1,0
778,62,92,2,0
779,53,192,3,1
780,32,42,1,0
781,56,158,3,1
782,54,194,3,1
783,44,160,1,0
784,48,98,1,0
785,46,164,1,0
786,45,42,1,0
787,45,202,3,1
788,58,10,1,0
789,29,31,2,0
790,55,58,1,0
791,55,65,2,0
792,41,98,3,0
793,24,150,1,0
794,54,44,3,0
795,57,15,3,0
796,30,82,1,0
797,42,61,3,0
798,29,38,2,0
799,29,39,3,0
800,31,173,1,0
801,47,8,1,0
802,36,51,1,0
803,52,62,3,0
804,54,34,2,0
805,55,132,2,1
806,53,44,3,0
807,52,162,1,0
808,64,64,1,0
809,54,111,3,0
810,32,41,3,0
811,63,52,3,0
812,36,65,2,0
813,50,130,2,1
814,33,45,1,0
815,62,35,2,0
816,49,65,2,0
817,41,38,1,0
818,51,42,2,0
819,56,45,3,0
820,51,145,1,0
821,39,33,3,0
822,61,60,3,0
823,35,45,1,0
824,39,72,1,0
825,37,34,2,0
826,48,23,2,0
827,63,45,3,0
828,35,28,1,0
829,55,81,2,0
830,29,72,2,0
831,61,49,3,0
832,36,31,2,0
833,61,63,3,0
834,36,150,1,1
835,58,142,1,0
836,42,74,1,0
837,30,24,2,0
838,45,29,3,0
839,39,79,1,0
840,27,94,1,0
841,57,121,1,0
842,34,54,1,0
843,64,73,1,0
844,47,71,3,0
845,44,29,2,0
846,51,93,1,0
847,40,73,3,0
848,57,19,2,0
849,33,58,1,0
850,46,39,1,0
851,41,23,2,0
852,33,29,3,0
853,27,155,1,0
854,52,90,2,0
855,59,113,1,0
856,62,42,3,0
857,49,30,1,0
858,45,19,2,0
859,63,124,2,1
860,57,30,2,0
861,60,28,3,0
862,50,15,2,0
863,54,70,3,0
864,28,10,2,0
865,60,22,3,0
866,44,70,1,0
867,61,61,1,0
868,40,161,1,0
869,54,29,1,0
870,43,35,1,0
871,54,48,2,0
872,32,44,1,0
873,24,88,1,0
874,30,40,3,0
875,61,21,2,0
876,40,58,1,0
877,35,59,2,0
878,33,74,3,0
879,63,84,2,0
880,57,58,1,0
881,44,154,1,0
882,51,185,1,0
883,51,78,1,0
884,38,55,2,0
885,31,30,2,0
886,54,74,2,0
887,41,118,1,0
888,57,182,3,1
889,24,82,3,0
890,55,29,3,0
891,32,120,1,1
892,38,53,2,0
893,58,43,1,0
894,29,59,1,0
895,43,84,3,0
896,50,161,1,1
897,62,21,2,0
898,57,63,1,0
899,30,172,2,1
900,30,51,1,0
901,57,24,1,0
902,57,95,1,0
903,43,59,1,0
904,28,51,2,0
905,46,28,1,0
906,29,154,1,0
907,64,15,3,0
908,66,55,3,0
909,23,149,1,0
910,60,79,3,0
911,47,68,3,0
912,35,78,2,0
913,57,34,2,0
914,65,195,1,1
915,53,184,1,0
916,44,85,1,0
917,45,200,1,0
918,41,64,3,0
919,51,88,2,0
920,27,42,2,0
921,31,91,1,0
922,32,38,1,0
923,55,28,2,0
924,55,32,3,0
925,42,31,3,0
926,33,22,2,0
927,65,95,2,1
928,35,74,1,0
929,55,22,2,0
930,28,43,2,0
931,27,43,3,0
932,51,112,2,0
933,50,9,2,0
934,58,81,3,0
935,46,131,1,0
936,62,19,3,0
937,38,62,2,0
938,62,19,2,0
939,56,8,1,0
940,61,193,3,1
941,38,129,1,1
942,55,30,2,0
943,30,80,2,0
944,41,22,3,0
945,57,33,2,0
946,36,64,3,0
947,55,60,3,0
948,30,81,3,0
949,40,45,2,0
950,32,112,2,0
951,59,83,3,1
952,44,180,1,0
953,51,28,2,0
954,37,169,3,1
955,59,14,1,0
956,37,43,1,0
957,56,88,1,0
958,55,78,3,0
959,49,68,2,0
960,46,144,1,0
961,35,30,1,0
962,47,120,1,0
963,39,24,2,0
964,27,78,3,0
965,62,135,2,1
966,57,44,3,0
967,55,73,2,0
968,55,90,2,0
969,41,58,3,0
970,57,75,1,0
971,43,174,3,1
972,40,50,1,0
973,43,85,3,0
974,63,54,1,0
975,63,83,1,1
976,54,24,1,0
977,54,45,2,0
978,52,68,3,0
979,50,48,3,0
980,38,114,3,0
981,36,142,2,1
982,58,52,2,0
983,46,142,1,0
984,50,15,3,0
985,46,118,1,0
986,53,101,1,0
987,62,84,1,0
988,63,32,2,0
989,42,64,3,0
990,34,81,1,0
991,40,28,3,0
992,34,93,1,0
993,41,185,2,1
994,32,42,2,0
995,28,45,3,0
996,33,49,2,0
997,46,69,1,0
998,52,94,2,0
999,60,18,2,0
1000,59,8,1,0
1001,57,55,1,0
1002,46,85,3,0
1003,25,62,1,0
1004,53,65,3,0
1005,38,138,1,0
1006,63,103,1,0
1007,44,99,3,1
1008,50,152,1,0
1009,28,25,3,0
1010,27,98,1,0
1011,52,39,2,0
1012,50,40,2,0
1013,39,58,1,0
1014,50,192,3,1
1015,60,62,2,0
1016,30,69,2,0
1017,31,40,3,0
1018,39,61,3,0
1019,29,30,2,0
1020,54,29,2,0
1021,35,41,2,0
1022,27,118,2,1
1023,45,109,1,0
1024,58,122,2,1
1025,62,50,1,0
1026,28,43,2,0
1027,32,108,1,0
1028,29,110,3,1
1029,41,20,3,0
1030,61,112,3,0
1031,56,25,2,0
1032,37,42,2,0
1033,60,29,1,0
1034,49,84,1,0
1035,43,81,3,0
1036,53,55,1,0
1037,35,40,2,0
1038,56,145,2,1
1039,41,175,3,1
1040,36,78,3,0
1041,56,51,1,0
1042,64,50,3,0
1043,51,21,1,0
1044,49,79,2,0
1045,43,84,3,0
1046,51,34,2,0
1047,55,73,2,0
1048,62,90,1,0
1049,35,23,3,0
1050,53,145,3,1
1051,33,54,1,0
1052,43,49,2,0
1053,58,51,2,0
1054,63,8,2,0
1055,31,62,1,0
1056,36,25,3,0
1057,30,63,3,0
1058,59,24,3,0
1059,28,11,2,0
1060,59,23,1,0
1061,47,33,3,0
1062,47,83,1,1
1063,56,39,1,0
1064,41,138,2,1
1065,25,113,1,0
1066,30,125,3,1
1067,50,195,1,0
1068,34,105,3,0
1069,44,75,1,1
1070,36,40,2,0
1071,39,61,3,0
1072,54,75,3,0
1073,33,122,1,0
1074,39,75,1,0
1075,41,59,3,0
1076,40,24,2,0
1077,29,175,3,1
1078,51,39,1,0
1079,54,145,1,0
1080,47,24,2,0
1081,53,20,2,0
1082,30,85,2,0
1083,28,65,3,0
1084,60,191,3,1
1085,51,11,1,0
1086,63,40,3,0
1087,38,54,2,0
1088,59,95,1,0
1089,53,94,2,0
1090,31,79,2,0
1091,41,48,3,0
1092,25,70,1,0
1093,27,40,2,0
1094,50,44,1,0
1095,50,43,3,0
1096,43,29,3,0
1097,50,188,1,1
1098,46,114,1,0
1099,30,52,2,0
1100,42,13,1,0
1101,42,95,3,0
1102,29,84,3,0
1103,38,49,1,0
1104,51,181,1,0
1105,35,182,2,1
1106,37,70,1,0
1107,47,79,1,0
1108,55,61,2,0
1109,65,121,1,0
1110,58,34,1,0
1111,54,183,1,0
1112,52,51,3,0
1113,28,70,3,0
1114,32,39,1,0
1115,51,84,2,0
1116,43,122,1,0
1117,42,145,1,0
1118,42,98,1,0
1119,41,79,3,0
1120,34,38,3,0
1121,30,49,2,0
1122,32,38,1,0
1123,46,91,3,0
1124,38,29,1,0
1125,37,172,1,0
1126,32,104,1,1
1127,35,58,1,0
1128,30,171,2,1
1129,30,73,1,1
1130,58,191,1,0
1131,57,90,3,0
1132,34,55,1,0
1133,31,28,2,0
1134,39,42,3,0
1135,57,9,2,0
1136,47,65,2,0
1137,51,134,3,1
1138,30,83,1,0
1139,55,38,2,0
1140,32,13,1,0
1141,32,143,3,1
1142,44,75,1,0
1143,33,120,3,1
1144,49,91,2,0
1145,32,99,3,0
1146,31,71,1,0
1147,37,111,2,0
1148,41,108,1,0
1149,56,158,1,0
1150,55,81,1,0
1151,49,12,3,0
1152,63,21,1,0
1153,55,55,1,0
1154,59,42,3,0
1155,41,81,1,0
1156,49,13,1,0
1157,48,132,1,0
1158,41,99,3,0
1159,50,23,1,0
1160,28,40,2,0
1161,36,181,1,1
1162,38,112,1,0
1163,34,138,1,0
1164,41,94,2,1
1165,43,113,1,0
1166,30,112,2,1
1167,37,190,1,0
1168,62,38,3,0
1169,40,32,3,0
1170,35,104,2,0
1171,64,43,2,0
1172,49,45,2,0
1173,24,35,2,0
1174,36,42,2,0
1175,29,58,2,0
1176,29,103,1,1
1177,28,71,2,1
1178,33,14,2,0
1179,36,98,3,0
1180,42,90,2,0
1181,25,65,1,0
1182,28,19,1,0
1183,50,35,2,0
1184,34,71,1,0
1185,43,31,1,0
1186,62,43,2,0
1187,61,24,2,0
1188,45,58,3,0
1189,42,115,1,0
1190,39,168,1,0
1191,29,128,1,0
1192,45,138,1,0
1193,58,81,2,0
1194,29,41,3,0
1195,32,123,2,1
1196,37,71,1,0
1197,48,8,3,0
1198,40,42,1,0
1199,29,62,1,0
1200,36,22,1,0
1201,35,38,2,0
1202,35,24,2,0
1203,62,50,1,0
1204,26,190,2,1
1205,32,94,1,0
1206,63,165,3,1
1207,38,43,2,0
1208,50,48,2,0
1209,46,52,2,0
1210,50,84,1,0
1211,61,131,1,0
1212,34,44,1,0
1213,27,78,1,0
1214,61,15,2,0
1215,45,38,3,0
1216,50,84,3,0
1217,44,122,1,0
1218,62,98,1,0
1219,45,80,2,0
1220,41,165,1,0
1221,30,121,1,0
1222,61,20,2,0
1223,45,11,1,0
1224,59,45,3,0
1225,30,118,2,1
1226,60,14,1,0
1227,39,30,2,0
1228,56,45,1,0
1229,56,80,1,0
1230,27,25,2,0
1231,66,144,1,0
1232,43,84,3,0
1233,53,22,1,0
1234,44,33,1,0
1235,54,60,3,0
1236,31,81,2,0
1237,38,169,3,1
1238,28,63,3,0
1239,51,12,3,0
1240,52,15,1,0
1241,64,39,3,0
1242,29,44,2,0
1243,34,110,1,0
1244,33,130,2,1
1245,46,41,3,0
1246,48,59,3,0
1247,52,39,1,0
1248,44,35,2,0
1249,51,80,2,0
1250,47,81,2,0
1251,39,31,3,0
1252,42,93,3,0
1253,57,45,1,0
1254,36,40,3,0
1255,27,80,3,0
1256,31,20,3,0
1257,63,41,3,0
1258,34,31,1,0
1259,52,35,2,0
1260,57,40,3,0
1261,63,84,3,0
1262,26,53,3,0
1263,35,85,3,0
1264,58,138,1,0
1265,32,71,3,0
1266,64,113,3,0
1267,50,23,2,0
1268,34,62,1,0
1269,36,14,3,0
1270,43,60,3,0
1271,28,94,1,0
1272,64,83,2,0
1273,60,130,3,1
1274,62,61,1,0
1275,27,92,1,0
1276,42,20,3,0
1277,45,194,1,0
1278,36,74,1,0
1279,48,84,3,0
1280,65,98,2,0
1281,39,52,1,0
1282,51,55,2,0
1283,30,64,1,0
1284,65,128,1,0
1285,38,113,2,1
1286,29,50,2,0
1287,42,54,2,0
1288,63,129,1,0
1289,46,82,1,0
1290,62,100,2,0
1291,58,44,1,0
1292,56,164,2,1
1293,56,81,1,0
1294,34,71,1,0
1295,42,28,3,0
1296,30,80,1,0
1297,61,90,2,0
1298,38,74,2,0
1299,50,14,3,0
1300,61,23,2,0
1301,41,153,1,0
1302,42,38,3,0
1303,29,112,2,0
1304,51,145,1,0
1305,32,28,2,0
1306,34,31,3,0
1307,26,195,1,0
1308,54,50,3,0
1309,38,71,3,0
1310,62,21,3,0
1311,37,35,3,0
1312,46,42,1,0
1313,52,78,3,0
1314,32,73,2,0
1315,49,53,3,0
1316,28,51,3,0
1317,55,40,3,0
1318,52,178,1,0
1319,32,35,1,0
1320,31,192,2,1
1321,27,123,1,0
1322,32,48,2,0
1323,52,45,2,0
1324,52,15,1,0
1325,50,79,1,0
1326,32,63,2,0
1327,61,30,3,0
1328,60,145,1,1
1329,28,32,2,0
1330,34,64,1,0
1331,31,84,1,0
1332,31,21,2,0
1333,62,99,2,0
1334,47,35,1,0
1335,50,180,1,0
1336,36,42,1,0
1337,26,179,2,1
1338,51,42,3,0
1339,52,180,2,1
1340,35,82,1,0
1341,42,55,1,0
1342,36,79,1,0
1343,41,48,3,0
1344,49,93,1,0
1345,57,23,3,0
1346,44,50,1,0
1347,60,85,1,0
1348,38,35,2,0
1349,26,171,2,1
1350,29,29,2,0
1351,59,84,3,0
1352,51,20,2,0
1353,50,14,3,0
1354,35,179,1,0
1355,61,48,1,0
1356,42,74,1,0
1357,55,53,1,0
1358,50,83,2,0
1359,64,171,1,0
1360,54,85,1,0
1361,50,38,2,0
1362,31,85,1,0
1363,32,79,1,0
1364,44,69,1,0
1365,60,43,3,0
1366,60,33,1,0
1367,62,42,3,0
1368,46,40,3,0
1369,57,43,3,0
1370,30,20,3,0
1371,58,65,1,0
1372,39,139,1,1
1373,60,135,3,1
1374,59,84,3,0
1375,50,179,3,1
1376,63,45,2,0
1377,27,109,1,0
1378,54,34,3,0
1379,62,162,1,0
1380,60,105,1,0
1381,38,22,2,0
1382,34,82,1,0
1383,65,105,2,0
1384,55,62,3,0
1385,57,82,1,0
1386,27,72,1,0
1387,35,38,1,0
1388,52,25,1,0
1389,45,20,3,0
1390,29,80,2,0
1391,44,84,1,0
1392,47,33,1,0
1393,62,55,3,0
1394,52,33,2,0
1395,47,190,3,1
1396,42,43,3,0
1397,65,45,3,0
1398,42,141,1,0
1399,40,69,1,0
1400,32,78,2,0
1401,40,84,3,0
1402,55,172,2,1
1403,32,51,1,0
1404,58,75,3,0
1405,46,183,2,1
1406,53,20,3,0
1407,63,101,3,1
1408,40,129,3,1
1409,41,63,1,0
1410,60,44,1,0
1411,65,184,3,1
1412,59,100,1,0
1413,48,12,1,0
1414,59,68,3,0
1415,33,48,1,0
1416,40,82,1,0
1417,42,52,1,0
1418,65,154,2,1
1419,30,39,1,0
1420,30,40,1,0
1421,42,54,3,0
1422,32,32,2,0
1423,55,64,3,0
1424,29,92,1,0
1425,64,40,3,0
1426,37,60,3,0
1427,31,85,1,0
1428,25,21,1,0
1429,31,35,3,0
1430,32,52,1,0
1431,58,128,1,0
1432,26,195,1,0
1433,51,68,2,0
1434,65,55,1,0
1435,43,55,1,0
1436,46,80,1,0
1437,28,123,1,0
1438,63,90,2,0
1439,59,61,3,0
1440,42,41,2,0
1441,58,43,3,0
1442,39,71,1,0
1443,36,25,1,0
1444,60,154,2,1
1445,47,141,1,0
1446,29,22,3,0
1447,52,145,1,0
1448,41,49,3,0
1449,63,109,1,0
1450,59,80,1,0
1451,44,82,2,0
1452,54,52,1,0
1453,29,85,1,0
1454,51,148,1,0
1455,63,160,1,0
1456,36,39,1,0
1457,42,25,3,0
1458,51,33,3,0
1459,47,38,2,0
1460,40,85,3,0
1461,54,48,1,0
1462,47,15,3,0
1463,35,94,1,0
1464,28,120,1,0
1465,45,60,3,0
1466,33,145,1,0
1467,62,29,3,0
1468,45,78,2,0
1469,59,59,2,0
1470,58,80,3,0
1471,52,180,1,0
1472,34,8,2,0
1473,65,23,3,0
1474,48,79,3,0
1475,44,78,3,0
1476,61,64,2,0
1477,40,64,3,0
1478,65,160,1,1
1479,28,43,3,0
1480,67,32,3,0
1481,35,179,1,0
1482,60,8,1,0
1483,58,63,1,0
1484,55,40,3,0
1485,34,99,2,0
1486,35,141,2,1
1487,28,159,1,0
1488,38,39,1,0
1489,62,99,2,0
1490,30,18,2,0
1491,38,38,1,0
1492,33,133,1,0
1493,58,84,1,0
1494,59,60,2,0
1495,52,178,3,1
1496,36,18,3,0
1497,45,73,3,0
1498,49,125,1,0
1499,52,91,2,1
1500,54,74,1,0
1501,30,35,2,0
1502,65,113,1,0
1503,34,52,2,0
1504,30,191,2,1
1505,51,18,3,0
1506,52,25,1,0
1507,43,50,3,0
1508,35,75,3,0
1509,56,92,3,0
1510,57,33,2,0
1511,58,65,3,0
1512,53,44,1,0
1513,45,183,1,0
1514,44,175,1,0
1515,54,28,3,0
1516,41,49,2,0
1517,52,45,1,0
1518,43,64,3,1
1519,63,22,3,0
1520,54,120,1,0
1521,33,175,1,0
1522,25,101,3,0
1523,41,104,3,0
1524,40,155,3,1
1525,43,58,1,0
1526,36,80,2,0
1527,57,45,3,0
1528,34,134,1,0
1529,38,58,3,0
1530,47,20,1,0
1531,39,25,3,0
1532,45,55,1,0
1533,62,155,1,0
1534,59,30,1,0
1535,61,39,1,0
1536,36,73,3,0
1537,58,41,1,0
1538,55,34,3,0
1539,29,21,3,0
1540,34,11,1,0
1541,61,154,1,0
1542,50,19,3,0
1543,52,101,2,0
1544,39,24,1,0
1545,55,131,1,0
1546,33,105,1,0
1547,47,52,2,0
1548,57,21,2,0
1549,57,45,1,0
1550,40,39,1,0
1551,50,192,1,0
1552,29,195,1,0
1553,46,83,1,0
1554,42,34,2,0
1555,59,49,2,0
1556,31,60,3,0
1557,51,41,1,0
1558,35,72,1,0
1559,59,102,2,1
1560,35,31,1,0
1561,46,73,2,0
1562,34,89,1,0
1563,55,19,3,0
1564,64,63,2,0
1565,34,104,3,0
1566,61,40,2,0
1567,63,92,3,0
1568,59,72,2,0
1569,51,44,2,0
1570,41,114,1,1
1571,37,73,1,0
1572,64,63,2,0
1573,44,69,3,0
1574,62,42,1,0
1575,50,88,1,0
1576,43,98,1,0
1577,34,65,1,1
1578,38,12,2,0
1579,29,122,1,1
1580,39,12,3,0
1581,53,24,1,0
1582,43,170,1,1
1583,61,184,2,1
1584,46,25,3,0
1585,57,131,1,0
1586,59,50,3,0
1587,52,21,1,0
1588,29,55,2,0
1589,57,124,2,1
1590,49,58,1,0
1591,39,72,1,0
1592,56,192,3,1
1593,63,83,2,0
1594,37,93,1,0
1595,56,38,3,0
1596,45,55,3,0
1597,66,11,3,0
1598,40,85,1,0
1599,50,124,1,0
1600,60,129,1,0
1601,31,180,1,0
1602,40,74,2,0
1603,36,138,3,1
1604,55,111,3,1
1605,54,83,1,0
1606,35,33,1,0
1607,55,21,3,0
1608,36,35,1,0
1609,66,105,3,0
1610,38,103,2,0
1611,58,75,3,0
1612,41,33,1,0
1613,60,52,2,0
1614,47,89,2,0
1615,62,63,3,0
1616,48,84,2,1
1617,61,44,1,0
1618,29,29,1,0
1619,45,29,3,0
1620,39,22,2,0
1621,31,53,1,0
1622,39,24,2,0
1623,63,153,1,0
1624,28,31,2,0
1625,56,21,2,0
1626,31,180,1,0
1627,46,82,2,0
1628,42,90,1,0
1629,53,154,3,1
1630,41,99,2,0
1631,61,153,2,1
1632,31,93,2,1
1633,62,53,2,0
1634,59,18,2,0
1635,49,70,1,0
1636,65,100,3,0
1637,30,193,3,1
1638,32,125,1,0
1639,56,68,3,0
1640,36,55,1,0
1641,58,152,3,1
1642,27,84,1,0
1643,41,13,3,0
1644,59,33,1,0
1645,56,89,2,0
1646,52,93,1,0
1647,35,68,3,0
1648,47,85,2,0
1649,29,73,2,0
1650,31,83,2,0
1651,62,158,3,1
1652,48,182,3,1
1653,26,24,3,0
1654,60,102,1,0
1655,35,53,1,0
1656,40,175,1,0
1657,31,28,1,0
1658,50,14,1,0
1659,33,139,3,1
1660,37,34,1,0
1661,38,64,3,0
1662,63,84,2,0
1663,57,42,2,0
1664,61,63,1,0
1665,37,100,3,0
1666,51,190,2,1
1667,44,22,1,0
1668,63,20,2,0
1669,43,21,2,0
1670,38,25,2,0
1671,34,20,3,0
1672,48,173,1,1
1673,29,81,1,0
1674,37,139,2,1
1675,60,119,1,0
1676,46,74,3,0
1677,34,42,2,0
1678,56,73,1,0
1679,57,114,1,1
1680,62,44,3,0
1681,32,141,1,0
1682,51,14,1,0
1683,55,33,3,0
1684,60,83,1,0
1685,40,89,1,0
1686,62,39,1,0
1687,63,83,3,0
1688,60,108,1,0
1689,59,21,2,0
1690,26,102,1,0
1691,56,48,3,0
1692,58,32,1,0
1693,57,43,1,0
1694,48,35,2,0
1695,30,184,1,0
1696,45,140,1,0
1697,64,32,2,0
1698,44,149,1,0
1699,51,15,3,0
1700,43,71,2,0
1701,29,108,2,0
1702,56,122,1,0
1703,65,40,3,0
1704,46,198,1,0
1705,48,79,2,0
1706,56,84,3,0
1707,61,31,2,0
1708,46,12,3,0
1709,58,88,1,0
1710,31,29,2,0
1711,27,201,1,0
1712,44,20,3,0
1713,44,15,1,0
1714,51,155,1,0
1715,39,25,2,0
1716,32,200,1,0
1717,33,101,2,0
1718,40,19,2,0
1719,36,188,1,0
1720,52,8,1,0
1721,54,59,3,0
1722,26,72,1,0
1723,39,55,3,0
1724,46,24,2,0
1725,57,19,1,0
1726,59,71,3,0
1727,52,54,2,0
1728,52,28,3,0
1729,50,25,3,0
1730,41,51,3,0
1731,43,125,1,1
1732,25,88,2,0
1733,40,125,1,0
1734,35,79,3,0
1735,60,31,2,0
1736,57,131,1,0
1737,44,70,2,0
1738,61,38,3,0
1739,33,83,1,0
1740,45,59,1,0
1741,45,121,1,0
1742,64,42,3,0
1743,50,32,1,0
1744,28,29,1,0
1745,37,40,2,0
1746,62,25,3,0
1747,29,21,2,0
1748,49,79,2,0
1749,46,52,3,0
1750,60,61,2,0
1751,55,25,1,0
1752,33,155,3,1
1753,53,25,1,0
1754,50,80,1,0
1755,28,55,2,0
1756,42,23,3,0
1757,33,60,1,0
1758,40,54,1,0
1759,31,44,1,0
1760,41,33,2,0
1761,52,45,2,0
1762,65,55,3,0
1763,48,134,1,0
1764,45,44,2,0
1765,26,149,1,0
1766,64,22,3,0
1767,41,74,2,0
1768,43,128,1,1
1769,60,62,1,0
1770,62,9,1,0
1771,46,9,3,0
1772,36,15,2,0
1773,31,28,1,0
1774,43,83,3,0
1775,46,73,3,0
1776,50,42,2,0
1777,52,34,2,0
1778,27,32,2,0
1779,34,68,1,0
1780,49,82,1,0
1781,52,19,2,0
1782,37,60,1,0
1783,53,192,1,0
1784,54,119,1,1
1785,29,190,1,0
1786,35,34,2,0
1787,32,44,1,0
1788,38,23,3,0
1789,44,171,1,1
1790,44,43,3,0
1791,48,139,1,0
1792,46,118,1,0
1793,35,113,3,1
1794,56,98,3,1
1795,49,70,1,0
1796,57,42,3,0
1797,35,143,1,0
1798,44,185,1,1
1799,38,28,2,0
1800,57,45,1,0
1801,35,78,2,0
1802,29,121,1,0
1803,58,59,1,0
1804,40,64,1,0
1805,51,15,1,0
1806,61,10,1,0
1807,46,61,3,0
1808,55,50,1,0
1809,35,79,3,0
1810,60,35,1,0
1811,28,11,3,0
1812,43,128,1,0
1813,61,55,3,0
1814,48,79,2,0
1815,65,18,1,0
1816,45,91,2,0
1817,36,9,3,0
1818,45,62,3,0
1819,60,59,1,0
1820,47,25,1,0
1821,32,54,1,0
1822,48,112,2,1
1823,33,125,1,0
1824,49,194,2,1
1825,56,161,3,1
1826,59,35,1,0
1827,56,113,1,0
1828,30,25,2,0
1829,59,45,3,0
1830,38,119,1,0
1831,47,30,2,0
1832,54,79,2,0
1833,34,178,3,1
1834,41,23,2,0
1835,47,171,1,0
1836,44,74,3,0
1837,43,103,1,0
1838,31,99,1,0
1839,28,43,3,0
1840,55,23,3,0
1841,42,91,2,0
1842,53,93,2,0
1843,30,154,1,0
1844,65,21,3,0
1845,43,65,3,0
1846,56,15,2,0
1847,25,52,3,0
1848,35,30,1,0
1849,50,42,2,0
1850,36,20,1,0
1851,34,60,2,0
1852,32,54,3,0
1853,51,60,1,0
1854,52,41,2,0
1855,65,30,2,0
1856,51,21,2,0
1857,37,105,2,0
1858,35,65,1,0
1859,67,20,1,0
1860,30,179,1,1
1861,62,161,1,0
1862,42,82,3,0
1863,48,43,2,0
1864,61,61,1,0
1865,36,90,3,0
1866,48,90,2,0
1867,65,21,1,0
1868,25,118,1,0
1869,55,44,2,0
1870,63,110,3,1
1871,31,99,2,0
1872,43,98,1,0
1873,28,69,2,0
1874,37,82,2,0
1875,27,112,1,0
1876,62,123,1,0
1877,51,78,2,0
1878,56,59,1,0
1879,56,78,2,0
1880,44,49,3,0
1881,46,82,2,0
1882,56,125,1,1
1883,56,185,1,0
1884,57,163,1,0
1885,31,19,3,0
1886,65,115,2,0
1887,31,81,2,0
1888,36,93,3,0
1889,56,111,1,1
1890,52,184,1,0
1891,42,50,2,0
1892,55,55,1,0
1893,49,13,3,0
1894,51,29,1,0
1895,26,72,1,0
1896,32,83,2,0
1897,54,98,3,0
1898,50,43,1,0
1899,59,34,1,0
1900,61,10,2,0
1901,43,201,1,0
1902,39,85,3,0
1903,56,50,3,0
1904,38,91,1,0
1905,25,112,1,0
1906,42,98,1,0
1907,42,115,1,0
1908,50,22,2,0
1909,56,101,2,0
1910,43,83,3,0
1911,60,52,2,0
1912,42,191,2,1
1913,57,134,1,1
1914,48,54,2,0
1915,37,69,1,0
1916,57,64,3,0
1917,62,53,3,0
1918,39,118,3,1
1919,38,19,2,0
1920,54,31,3,0
1921,45,63,3,0
1922,39,25,3,0
1923,45,22,1,0
1924,62,78,3,0
1925,43,81,1,0
1926,30,41,2,0
1927,35,62,1,0
1928,58,35,3,0
1929,44,30,3,0
1930,56,51,2,0
1931,28,140,1,0
1932,64,73,1,0
1933,63,40,2,0
1934,44,69,3,0
1935,34,191,3,1
1936,50,82,2,0
1937,51,181,3,1
1938,30,38,3,0
1939,55,23,1,0
1940,57,55,3,0
1941,43,58,1,0
1942,61,29,2,0
1943,49,39,1,0
1944,52,39,2,0
1945,57,30,1,0
1946,53,58,3,0
1947,52,62,3,0
1948,39,62,1,0
1949,58,19,3,0
1950,36,38,2,0
1951,45,84,3,0
1952,30,78,2,0
1953,49,22,1,0
1954,44,81,3,0
1955,43,32,2,0
1956,42,89,1,0
1957,29,121,1,0
1958,28,42,1,0
1959,50,130,1,0
1960,44,30,2,0
1961,52,114,1,0
1962,28,155,1,0
1963,62,50,1,0
1964,34,34,2,0
1965,45,94,3,0
1966,52,114,2,0
1967,43,89,3,0
1968,54,49,3,0
1969,64,115,1,0
1970,27,148,1,0
1971,42,72,2,0
1972,28,114,3,0
1973,47,11,1,0
1974,39,63,3,0
1975,29,113,1,0
1976,39,80,1,0
1977,41,54,3,0
1978,37,32,3,0
1979,41,11,1,0
1980,45,141,1,0
1981,52,84,2,0
1982,58,18,2,0
1983,31,20,1,0
1984,26,55,2,0
1985,31,31,2,0
1986,42,114,1,0
1987,56,52,2,0
1988,52,18,1,0
1989,59,55,3,0
1990,32,29,3,0
1991,46,30,1,0
1992,52,38,1,0
1993,30,122,1,0
1994,32,183,1,0
1995,35,41,2,0
1996,49,38,3,0
1997,54,61,3,0
1998,56,103,3,1
1999,48,80,2,0
2000,28,22,2,0
2001,44,128,2,1
2002,30,142,1,1
2003,44,124,1,0
2004,30,44,3,0
2005,47,170,2,1
2006,64,75,2,0
2007,48,78,2,0
2008,63,31,3,0
2009,25,99,1,0
2010,61,41,1,0
2011,46,39,2,0
2012,57,51,1,0
2013,40,52,3,0
2014,49,169,3,1
2015,30,141,1,0
2016,41,93,1,0
2017,42,14,2,0
2018,63,160,1,0
2019,43,44,1,0
2020,59,33,1,0
2021,46,103,3,1
2022,33,71,3,0
2023,55,55,1,0
2024,36,113,1,1
2025,47,79,2,0
2026,59,80,2,0
2027,38,179,1,0
2028,42,9,3,0
2029,30,61,2,0
2030,63,111,1,0
2031,60,80,1,0
2032,62,32,1,0
2033,49,83,1,0
2034,59,91,2,0
2035,36,29,1,0
2036,46,19,2,0
2037,35,52,2,0
2038,50,150,1,0
2039,51,32,3,0
2040,41,91,3,0
2041,45,180,2,1
2042,41,121,1,0
2043,57,25,3,0
2044,51,102,1,0
2045,52,44,2,0
2046,43,161,2,1
2047,63,134,2,1
2048,28,43,2,0
2049,43,94,2,0
2050,41,29,3,0
2051,34,38,1,0
2052,28,120,1,0
2053,58,85,1,0
2054,39,89,1,0
2055,49,25,3,0
2056,33,20,1,0
2057,37,125,1,0
2058,33,18,3,0
2059,28,173,1,0
2060,54,34,3,0
2061,63,159,2,1
2062,57,55,1,0
2063,56,32,3,0
2064,54,65,3,0
2065,29,83,1,0
2066,41,30,2,0
2067,58,180,1,0
2068,61,13,3,0
2069,30,35,1,0
2070,62,95,1,0
2071,52,83,1,0
2072,29,39,1,0
2073,46,54,3,0
2074,52,81,3,0
2075,40,53,3,0
2076,49,119,1,0
2077,34,160,3,1
2078,35,21,2,0
2079,26,40,3,0
2080,65,69,2,0
2081,52,45,2,0
2082,32,55,2,0
2083,31,38,3,0
2084,36,44,2,0
2085,50,45,2,0
2086,36,84,2,0
2087,51,188,2,1
2088,39,29,3,0
2089,53,95,2,0
2090,50,79,1,0
2091,31,41,2,0
2092,53,19,3,0
2093,48,75,3,0
2094,57,64,1,0
2095,47,174,3,1
2096,55,54,3,0
2097,37,14,2,0
2098,59,94,1,0
2099,53,10,1,0
2100,31,145,1,0
2101,35,203,3,1
2102,25,81,3,0
2103,37,153,1,0
2104,40,58,3,0
2105,31,49,3,0
2106,62,132,1,0
2107,41,85,3,0
2108,56,85,1,0
2109,47,178,3,1
2110,28,104,1,0
2111,60,40,1,0
2112,27,103,1,0
2113,57,25,1,0
2114,62,69,3,0
2115,57,30,1,0
2116,44,70,2,0
2117,31,15,3,0
2118,31,125,1,0
2119,39,50,3,0
2120,41,44,3,0
2121,41,38,2,0
2122,55,64,1,0
2123,28,9,2,0
2124,35,44,1,0
2125,44,93,1,0
2126,44,83,1,0
2127,40,179,1,0
2128,65,40,3,0
2129,35,58,3,0
2130,55,74,1,0
2131,55,15,1,0
2132,59,11,1,0
2133,39,41,2,0
2134,50,68,2,0
2135,45,28,3,0
2136,50,115,3,1
2137,65,83,2,0
2138,36,40,2,0
2139,57,113,3,0
2140,53,89,3,0
2141,28,38,1,0
2142,55,62,1,0
2143,56,65,1,0
2144,33,168,2,1
2145,57,40,1,0
2146,27,30,3,0
2147,27,20,1,0
2148,54,58,3,0
2149,48,150,1,0
2150,62,54,1,0
2151,41,19,2,0
2152,62,30,3,0
2153,40,123,1,0
2154,32,45,2,0
2155,62,154,1,0
2156,35,93,1,0
2157,25,71,1,0
2158,50,83,1,1
2159,61,99,3,1
2160,43,55,2,0
2161,52,38,2,0
2162,39,74,2,0
2163,33,69,3,0
2164,27,104,1,0
2165,27,38,3,0
2166,32,25,3,0
2167,65,162,1,0
2168,55,64,3,0
2169,52,30,2,0
2170,39,52,3,0
2171,35,42,3,0
2172,39,79,2,0
2173,34,34,1,0
2174,30,123,1,0
2175,37,160,1,0
2176,41,51,2,0
2177,31,108,1,0
2178,37,158,2,1
2179,49,68,2,0
2180,58,42,3,0
2181,45,32,3,0
2182,40,22,3,0
2183,34,29,3,0
2184,62,183,3,1
2185,54,69,3,0
2186,26,92,1,0
2187,54,40,3,0
2188,29,9,3,0
2189,48,128,1,0
2190,27,110,1,0
2191,42,171,1,0
2192,25,13,1,0
2193,45,25,3,0
2194,34,123,2,1
2195,51,33,1,0
2196,51,189,2,1
2197,60,34,3,0
2198,59,58,2,0
2199,49,51,2,0
2200,50,29,1,0
2201,41,111,1,0
2202,49,43,3,0
2203,50,130,1,0
2204,63,20,1,0
2205,63,101,1,0
2206,33,48,2,0
2207,38,180,3,1
2208,64,92,3,0
2209,36,33,1,0
2210,58,51,2,0
2211,39,31,2,0
2212,46,83,1,0
2213,61,45,1,0
2214,53,89,3,0
2215,28,193,2,1
2216,64,89,1,0
2217,48,162,2,1
2218,38,9,2,0
2219,52,58,3,0
2220,65,80,3,0
2221,59,73,3,0
2222,45,41,1,0
2223,53,74,2,0
2224,38,29,3,0
2225,54,25,3,0
2226,25,98,1,0
2227,61,59,2,0
2228,48,43,3,0
2229,46,72,2,0
2230,36,183,3,1
2231,46,134,1,0
2232,59,140,1,0
2233,59,39,3,0
2234,36,35,2,0
2235,63,141,1,0
2236,51,23,2,0
2237,30,134,1,0
2238,48,35,3,0
2239,55,42,1,0
2240,41,81,3,0
2241,26,14,1,0
2242,41,45,1,0
2243,54,79,2,0
2244,57,53,2,0
2245,54,33,2,0
2246,35,190,2,1
2247,60,60,3,0
2248,63,8,2,0
2249,41,38,2,0
2250,46,154,1,0
2251,31,54,2,0
2252,58,41,1,0
2253,59,25,1,0
2254,46,53,1,0
2255,33,79,1,0
2256,56,13,2,0
2257,47,130,1,0
2258,59,93,2,0
2259,24,82,1,0
2260,39,15,2,0
2261,30,150,2,1
2262,55,131,2,1
2263,47,28,1,0
2264,35,9,2,0
2265,47,88,2,0
2266,38,143,1,0
2267,38,168,3,1
2268,27,105,2,1
2269,42,62,3,0
2270,26,51,1,0
2271,60,101,1,0
2272,27,90,1,0
2273,27,83,3,0
2274,40,21,3,0
2275,40,115,1,0
2276,29,172,1,1
2277,30,32,2,0
2278,30,204,1,0
2279,47,34,1,0
2280,33,30,3,0
2281,57,31,2,0
2282,38,90,1,0
2283,54,79,3,0
2284,47,22,1,0
2285,48,114,3,1
2286,62,42,3,0
2287,30,29,3,0
2288,35,72,2,0
2289,59,68,3,0
2290,38,78,3,0
2291,47,90,1,0
2292,57,170,2,1
2293,42,14,2,0
2294,39,129,1,0
2295,53,39,3,0
2296,27,82,1,0
2297,59,31,2,0
2298,48,9,2,0
2299,62,15,3,0
2300,66,70,1,0
2301,38,84,3,0
2302,42,155,1,0
2303,47,89,3,0
2304,27,170,1,1
2305,32,185,1,0
2306,37,82,1,0
2307,56,60,1,0
2308,39,58,2,0
2309,36,29,1,0
2310,32,32,1,0
2311,62,115,2,0
2312,48,83,2,0
2313,58,54,2,0
2314,27,112,3,0
2315,52,182,2,1
2316,54,112,1,0
2317,31,129,3,1
2318,60,23,2,0
2319,34,198,1,0
2320,46,84,3,0
2321,41,39,3,0
2322,62,129,1,0
2323,31,113,2,0
2324,41,35,3,0
2325,55,85,3,0
2326,45,73,1,0
2327,51,70,3,0
2328,27,130,1,1
2329,30,39,1,0
2330,31,72,2,0
2331,61,68,3,0
2332,40,35,3,0
2333,45,61,1,0
2334,45,69,1,0
2335,37,59,2,0
2336,34,99,3,0
2337,43,201,2,1
2338,42,130,1,0
2339,56,72,2,0
2340,33,44,1,0
2341,36,91,3,0
2342,62,92,1,0
2343,58,55,1,0
2344,65,20,1,0
2345,65,89,1,1
2346,52,59,2,0
2347,64,8,3,0
2348,51,85,1,0
2349,59,94,1,0
2350,52,22,1,0
2351,55,74,3,0
2352,46,59,2,0
2353,61,12,2,0
2354,35,8,2,0
2355,56,74,3,0
2356,31,184,2,1
2357,44,34,2,0
2358,53,63,3,0
2359,36,123,2,1
2360,27,85,3,0
2361,36,109,3,1
2362,40,31,3,0
2363,39,61,2,0
2364,59,88,1,0
2365,43,22,2,0
2366,30,63,2,0
2367,26,80,1,0
2368,48,78,1,0
2369,50,45,1,0
2370,33,51,3,0
2371,32,111,3,0
2372,34,45,1,0
2373,33,184,2,1
2374,32,41,2,0
2375,55,69,3,0
2376,58,23,1,0
2377,47,160,1,0
2378,30,61,2,0
2379,42,110,1,0
2380,40,50,3,0
2381,33,49,2,0
2382,46,185,2,1
2383,63,52,1,0
2384,62,53,1,0
2385,43,125,2,1
2386,31,72,1,0
2387,28,51,3,0
2388,64,23,1,0
2389,27,41,3,0
2390,33,41,1,0
2391,39,138,2,1
2392,44,138,1,0
2393,53,14,1,0
2394,42,145,1,0
2395,44,25,2,0
2396,34,43,1,0
2397,47,93,2,0
2398,53,90,1,0
2399,62,41,3,0
2400,61,169,3,1
2401,42,63,3,0
2402,48,23,2,0
2403,38,140,1,1
2404,41,75,3,0
2405,57,13,2,0
2406,31,10,3,0
2407,39,100,2,0
2408,48,85,1,0
2409,55,73,1,0
2410,29,130,1,0
2411,47,65,2,0
2412,61,59,1,0
2413,60,31,3,0
2414,34,134,1,0
2415,45,11,1,0
2416,60,32,3,0
2417,25,53,3,0
2418,41,28,1,0
2419,63,44,3,0
2420,63,40,1,0
2421,43,40,2,0
2422,58,163,1,0
2423,50,82,3,0
2424,38,89,2,0
2425,54,78,2,0
2426,61,55,3,0
2427,29,34,2,0
2428,39,108,2,1
2429,33,58,2,0
2430,23,73,1,0
2431,56,54,1,0
2432,54,45,2,0
2433,37,123,2,1
2434,38,93,1,0
2435,34,102,2,0
2436,53,39,1,0
2437,65,114,2,0
2438,62,29,3,0
2439,51,30,2,0
2440,31,22,3,0
2441,64,38,1,0
2442,39,41,1,0
2443,28,161,3,1
2444,60,38,2,0
2445,47,25,3,0
2446,25,70,1,0
2447,44,201,1,0
2448,51,42,3,0
2449,31,64,1,0
2450,32,28,3,0
2451,51,119,1,0
2452,25,28,3,0
2453,43,60,3,0
2454,54,23,2,0
2455,34,164,3,1
2456,54,39,1,0
2457,42,19,3,0
2458,46,72,3,0
2459,62,41,3,0
2460,31,32,2,0
2461,30,69,2,0
2462,52,23,1,0
2463,35,44,1,0
2464,60,32,2,0
2465,58,25,1,0
2466,24,80,3,0
2467,40,83,2,0
2468,49,133,1,0
2469,43,89,2,0
2470,33,81,3,0
2471,36,44,2,0
2472,62,119,1,0
2473,57,39,1,0
2474,64,40,3,0
2475,52,79,1,0
2476,54,30,2,0
2477,40,179,3,1
2478,30,178,1,0
2479,55,82,2,0
2480,39,50,2,0
2481,55,64,2,0
2482,28,129,1,0
2483,44,68,1,0
2484,46,30,3,0
2485,61,48,1,0
2486,61,130,1,0
2487,45,40,3,0
2488,38,105,1,0
2489,29,41,1,0
2490,52,168,3,1
2491,38,80,1,0
2492,28,134,1,0
2493,34,49,3,0
2494,35,63,1,0
2495,46,70,1,0
2496,63,32,2,0
2497,33,14,3,0
2498,38,111,1,0
2499,53,38,2,0
2500,28,121,1,0
2501,44,90,3,0
2502,58,178,2,1
2503,38,20,2,0
2504,48,61,1,0
2505,33,43,1,0
2506,66,39,2,0
2507,59,60,1,0
2508,40,63,1,0
2509,36,8,3,0
2510,62,52,2,0
2511,51,92,1,1
2512,58,111,1,0
2513,52,71,3,0
2514,41,25,2,0
2515,31,34,3,0
2516,28,74,3,0
2517,57,120,1,0
2518,61,50,2,0
2519,60,10,1,0
2520,56,45,2,0
2521,49,29,1,0
2522,63,145,1,0
2523,49,100,1,0
2524,49,24,1,0
2525,32,60,1,0
2526,26,50,2,0
2527,27,43,2,0
2528,57,79,1,0
2529,29,44,2,0
2530,56,31,3,0
2531,59,14,1,0
2532,53,19,1,0
2533,54,111,2,1
2534,56,90,2,0
2535,50,21,3,0
2536,51,104,2,1
2537,53,75,2,0
2538,37,175,1,0
2539,32,98,1,1
2540,49,41,1,0
2541,34,171,2,1
2542,54,79,2,0
2543,64,24,2,0
2544,58,90,2,1
2545,25,39,2,0
2546,50,9,1,0
2547,38,15,2,0
2548,48,80,1,0
2549,41,63,3,0
2550,32,20,3,0
2551,46,43,3,0
2552,39,65,3,0
2553,39,91,2,0
2554,63,53,1,0
2555,58,110,2,0
2556,28,82,1,0
2557,36,23,3,0
2558,43,172,1,0
2559,36,88,1,0
2560,44,71,3,0
2561,31,180,3,1
2562,45,39,3,0
2563,39,94,3,0
2564,43,25,2,0
2565,40,10,3,0
2566,30,42,1,0
2567,58,142,1,0
2568,46,34,1,0
2569,35,139,1,0
2570,30,154,1,0
2571,34,40,3,0
2572,62,33,3,0
2573,58,80,1,0
2574,45,10,2,0
2575,42,41,3,0
2576,60,30,1,0
2577,55,78,3,0
2578,45,164,1,0
2579,52,23,3,0
2580,31,149,1,0
2581,60,25,3,0
2582,33,42,3,0
2583,37,71,1,0
2584,59,114,2,1
2585,51,70,2,0
2586,47,149,1,1
2587,60,55,2,0
2588,61,29,1,0
2589,64,123,1,0
2590,46,152,3,1
2591,31,8,2,0
2592,57,69,1,0
2593,48,161,3,1
2594,48,79,2,0
2595,35,105,1,0
2596,33,39,1,0
2597,47,163,1,0
2598,46,9,1,0
2599,44,71,3,0
2600,42,51,3,0
2601,50,32,3,0
2602,52,161,1,1
2603,53,60,1,0
2604,37,35,2,0
2605,64,41,2,0
2606,46,73,1,0
2607,57,49,1,0
2608,61,79,1,0
2609,42,120,1,0
2610,40,60,1,0
2611,33,78,2,0
2612,50,40,2,0
2613,52,110,3,1
2614,35,160,3,1
2615,57,68,1,0
2616,56,49,3,0
2617,44,65,1,0
2618,23,55,2,0
2619,33,62,1,0
2620,48,152,1,0
2621,45,42,2,0
2622,54,39,2,0
2623,42,111,1,1
2624,47,82,1,0
2625,61,108,2,0
2626,53,59,3,0
2627,56,61,1,0
2628,33,78,2,0
2629,44,18,3,0
2630,63,113,3,0
2631,47,62,2,0
2632,50,81,1,0
2633,49,13,1,0
2634,34,75,1,0
2635,40,33,3,0
2636,38,179,1,0
2637,51,69,2,0
2638,28,45,3,0
2639,52,59,2,0
2640,39,81,1,0
2641,29,133,1,0
2642,54,81,3,0
2643,63,14,2,0
2644,40,28,3,0
2645,36,93,1,0
2646,45,191,3,1
2647,61,155,1,0
2648,26,155,1,0
2649,33,68,1,0
2650,64,52,1,0
2651,43,51,3,0
2652,24,44,1,0
2653,30,121,1,0
2654,60,49,1,0
2655,50,42,3,0
2656,40,144,1,0
2657,31,72,2,0
2658,30,44,1,0
2659,60,43,3,0
2660,39,74,2,0
2661,66,145,1,0
2662,65,158,1,0
2663,54,78,1,0
2664,54,154,2,1
2665,35,105,3,0
2666,32,100,2,0
2667,63,58,2,0
2668,60,113,1,0
2669,43,10,2,0
2670,59,142,1,0
2671,62,128,1,0
2672,30,131,3,1
2673,54,88,2,0
2674,30,101,1,0
2675,31,70,3,0
2676,44,122,1,0
2677,32,70,1,0
2678,63,148,3,1
2679,57,43,3,0
2680,60,31,3,0
2681,37,35,3,0
2682,53,81,3,0
2683,51,19,3,0
2684,30,98,3,0
2685,28,101,3,0
2686,50,81,3,0
2687,52,135,1,0
2688,56,34,2,0
2689,40,104,1,0
2690,64,29,2,0
2691,61,119,2,1
2692,46,82,2,0
2693,55,62,1,0
2694,45,85,1,0
2695,40,8,2,0
2696,63,78,3,0
2697,57,44,2,0
2698,38,122,1,0
2699,37,22,2,0
2700,31,39,2,0
2701,50,55,2,0
2702,42,144,1,0
2703,51,71,2,0
2704,38,191,1,0
2705,53,22,2,0
2706,43,158,1,0
2707,35,131,3,1
2708,49,75,2,0
2709,28,69,2,0
2710,51,39,1,0
2711,39,34,1,0
2712,31,32,1,0
2713,44,129,1,0
2714,46,158,1,1
2715,42,54,1,0
2716,41,34,2,0
2717,23,45,2,0
2718,59,68,3,0
2719,47,53,2,0
2720,48,32,1,0
2721,58,173,3,1
2722,58,31,1,0
2723,54,72,1,0
2724,49,30,2,0
2725,63,138,1,0
2726,62,18,2,0
2727,45,69,1,0
2728,39,58,1,0
2729,58,63,1,0
2730,56,43,1,0
2731,29,28,3,0
2732,33,38,3,0
2733,55,72,2,0
2734,56,64,1,0
2735,36,70,2,0
2736,53,12,1,0
2737,57,159,1,0
2738,35,103,3,0
2739,43,42,3,0
2740,54,48,3,0
2741,29,49,1,0
2742,39,89,1,0
2743,32,22,2,0
2744,51,10,1,0
2745,50,38,2,0
2746,54,49,3,0
2747,38,30,3,0
2748,32,82,2,0
2749,62,82,3,0
2750,57,24,2,0
2751,47,32,1,0
2752,51,34,3,0
2753,54,195,2,1
2754,26,61,1,0
2755,37,22,2,0
2756,27,40,3,0
2757,63,50,1,0
2758,62,35,3,0
2759,59,64,2,0
2760,32,49,1,0
2761,35,44,2,0
2762,56,65,1,0
2763,55,13,1,0
2764,31,84,3,0
2765,54,28,2,0
2766,58,108,1,0
2767,48,59,1,0
2768,48,163,1,0
2769,33,183,3,1
2770,36,69,3,0
2771,41,115,1,0
2772,55,130,1,1
2773,63,185,2,1
2774,53,118,1,0
2775,38,163,1,0
2776,46,140,1,0
2777,59,91,2,0
2778,56,61,3,0
2779,59,168,2,1
2780,39,69,2,0
2781,47,22,1,0
2782,47,53,1,0
2783,53,25,2,0
2784,36,115,2,1
2785,34,31,3,0
2786,36,83,3,0
2787,60,152,1,0
2788,45,30,1,0
2789,27,34,3,0
2790,47,44,3,0
2791,44,182,1,0
2792,54,44,1,0
2793,57,122,1,0
2794,52,35,1,0
2795,51,91,3,0
2796,57,30,2,0
2797,65,53,3,0
2798,58,28,3,0
2799,64,85,2,0
2800,52,28,2,0
2801,58,41,1,0
2802,52,154,3,1
2803,43,41,3,0
2804,56,33,1,0
2805,37,182,3,1
2806,53,59,3,0
2807,27,129,1,0
2808,53,35,3,0
2809,42,185,2,1
2810,58,45,2,0
2811,36,62,2,0
2812,53,183,3,1
2813,48,14,3,0
2814,54,53,3,0
2815,26,48,3,0
2816,50,128,1,0
2817,31,105,1,0
2818,35,40,1,0
2819,63,10,1,0
2820,29,102,1,0
2821,57,31,2,0
2822,30,30,1,0
2823,33,21,3,0
2824,62,44,1,0
2825,35,48,3,0
2826,37,21,2,0
2827,37,84,2,0
2828,35,64,2,0
2829,35,82,1,0
2830,59,39,1,0
2831,53,45,3,0
2832,45,133,3,1
2833,46,152,1,0
2834,40,12,1,0
2835,42,32,1,0
2836,25,74,1,0
2837,39,54,2,0
2838,30,181,2,1
2839,58,75,3,0
2840,41,95,1,0
2841,37,190,2,1
2842,36,90,1,0
2843,27,20,1,0
2844,60,64,3,0
2845,62,85,3,0
2846,67,105,2,0
2847,44,21,1,0
2848,24,78,2,0
2849,45,158,1,0
2850,58,125,1,0
2851,61,81,2,0
2852,54,183,1,0
2853,28,54,2,0
2854,49,79,3,0
2855,35,38,2,0
2856,36,172,2,1
2857,34,184,1,1
2858,36,158,1,0
2859,35,188,3,1
2860,27,20,3,0
2861,42,60,3,0
2862,65,113,3,0
2863,29,70,1,0
2864,65,84,3,0
2865,59,23,3,0
2866,46,141,1,0
2867,59,110,1,0
2868,52,31,1,0
2869,60,22,1,0
2870,43,91,1,0
2871,65,82,3,0
2872,50,23,1,0
2873,48,35,1,0
2874,49,114,3,1
2875,58,18,2,0
2876,24,80,3,0
2877,58,74,3,0
2878,45,122,2,1
2879,42,73,2,0
2880,64,40,1,0
2881,49,55,3,0
2882,55,69,2,0
2883,40,92,2,0
2884,28,48,3,0
2885,57,113,3,1
2886,50,58,2,0
2887,40,109,1,0
2888,55,39,2,0
2889,53,33,2,0
2890,48,18,1,0
2891,59,63,1,0
2892,58,43,2,0
2893,38,70,3,0
2894,49,19,3,0
2895,60,39,2,0
2896,54,81,1,0
2897,28,34,3,0
2898,27,140,2,1
2899,42,114,1,0
2900,52,55,3,0
2901,54,21,2,0
2902,56,50,2,0
2903,58,41,1,0
2904,56,190,1,1
2905,64,8,3,0
2906,35,55,2,0
2907,45,40,1,0
2908,57,22,2,0
2909,35,44,2,0
2910,46,102,3,1
2911,30,54,3,0
2912,44,130,2,1
2913,39,75,2,0
2914,42,42,1,0
2915,34,133,1,0
2916,46,40,2,0
2917,55,34,1,0
2918,28,142,1,0
2919,35,64,1,0
2920,60,44,3,0
2921,50,95,1,0
2922,52,49,3,0
2923,51,12,1,0
2924,51,98,3,0
2925,59,42,1,0
2926,53,44,3,0
2927,43,124,1,0
2928,31,175,1,0
2929,32,22,1,0
2930,41,78,1,0
2931,31,54,2,0
2932,41,154,1,0
2933,47,42,2,0
2934,37,195,1,0
2935,53,80,3,0
2936,49,81,2,0
2937,62,89,1,0
2938,33,61,2,0
2939,54,25,3,0
2940,27,43,2,0
2941,60,122,1,0
2942,29,160,1,0
2943,56,83,2,0
2944,55,79,3,0
2945,45,30,2,0
2946,33,145,1,0
2947,45,151,1,0
2948,44,14,3,0
2949,37,19,2,0
2950,42,55,3,0
2951,26,132,3,1
2952,33,182,1,0
2953,61,78,1,0
2954,31,42,2,0
2955,54,44,3,0
2956,62,195,3,1
2957,61,53,2,0
2958,66,65,1,0
2959,38,43,1,0
2960,55,38,3,0
2961,60,50,3,0
2962,23,81,2,0
2963,29,41,3,0
2964,35,73,1,0
2965,53,31,3,0
2966,32,84,2,0
2967,38,95,1,0
2968,44,162,1,1
2969,43,60,3,0
2970,54,121,3,1
2971,52,43,2,0
2972,31,38,2,0
2973,47,82,1,0
2974,42,52,1,0
2975,57,43,1,0
2976,33,82,2,0
2977,35,161,1,0
2978,56,24,2,0
2979,57,102,1,0
2980,25,53,2,0
2981,53,85,1,0
2982,59,111,1,0
2983,56,90,1,0
2984,54,94,1,0
2985,48,63,3,0
2986,55,153,2,1
2987,33,39,3,0
2988,46,205,1,0
2989,42,142,1,0
2990,49,163,1,0
2991,42,113,1,0
2992,46,64,1,0
2993,65,20,3,0
2994,50,179,1,0
2995,54,91,3,0
2996,42,103,1,1
2997,57,80,2,0
2998,61,38,1,0
2999,60,44,1,0
3000,40,164,2,1
3001,33,81,1,0
3002,37,95,2,0
3003,52,44,2,0
3004,33,88,1,0
3005,62,148,2,1
3006,62,169,2,1
3007,63,11,2,0
3008,55,92,3,0
3009,33,74,2,0
3010,25,72,1,0
3011,55,63,1,0
3012,29,172,1,0
3013,45,183,1,0
3014,60,40,3,0
3015,44,68,1,0
3016,48,78,3,0
3017,57,68,1,0
3018,58,49,1,0
3019,58,39,3,0
3020,44,151,1,0
3021,54,159,1,0
3022,59,89,2,0
3023,63,105,3,0
3024,61,78,1,0
3025,58,128,1,0
3026,44,81,1,0
3027,53,50,3,0
3028,63,38,3,0
3029,41,119,1,0
3030,50,110,2,0
3031,51,29,3,0
3032,47,19,3,0
3033,43,130,3,1
3034,46,38,1,0
3035,50,31,3,0
3036,33,14,2,0
3037,27,158,2,1
3038,34,39,1,0
3039,34,141,3,1
3040,28,33,1,0
3041,29,92,1,0
3042,52,78,2,0
3043,47,42,2,0
3044,41,15,2,0
3045,58,48,2,0
3046,37,63,1,0
3047,57,149,1,0
3048,63,49,1,0
3049,60,125,1,0
3050,50,58,2,0
3051,60,48,1,0
3052,54,75,3,0
3053,28,114,1,0
3054,45,134,2,1
3055,28,111,3,0
3056,54,62,2,0
3057,42,45,1,0
3058,30,113,1,0
3059,61,128,1,0
3060,64,168,3,1
3061,38,81,3,0
3062,39,75,2,0
3063,54,21,3,0
3064,59,83,1,0
3065,39,121,1,0
3066,63,40,3,0
3067,31,101,3,0
3068,56,90,3,0
3069,47,68,2,0
3070,28,74,2,0
3071,32,74,2,0
3072,54,51,3,0
3073,29,149,1,0
3074,39,31,3,0
3075,26,85,3,0
3076,29,62,3,0
3077,46,44,1,0
3078,38,63,3,0
3079,55,23,1,0
3080,48,40,2,0
3081,36,78,3,0
3082,39,40,3,0
3083,40,78,1,0
3084,26,129,2,1
3085,55,71,2,0
3086,61,23,3,0
3087,57,15,1,0
3088,56,28,1,0
3089,31,23,1,0
3090,61,19,3,0
3091,58,42,3,0
3092,43,113,1,0
3093,29,34,2,0
3094,50,19,2,0
3095,49,43,2,0
3096,43,179,1,1
3097,58,44,3,0
3098,41,21,2,0
3099,65,115,1,0
3100,52,81,2,0
3101,55,91,1,0
3102,49,30,2,0
3103,52,55,3,0
3104,56,48,3,0
3105,30,23,2,0
3106,36,21,2,0
3107,41,55,1,0
3108,42,21,2,0
3109,60,40,3,0
3110,44,30,1,0
3111,34,78,2,0
3112,56,65,3,0
3113,31,50,3,0
3114,29,55,2,0
3115,31,111,1,0
3116,36,21,2,0
3117,42,65,3,0
3118,64,114,3,0
3119,61,54,3,0
3120,35,75,2,0
3121,28,13,1,0
3122,38,54,3,0
3123,44,22,2,0
3124,45,198,1,0
3125,46,18,1,0
3126,57,74,1,0
3127,40,61,3,0
3128,38,64,1,0
3129,39,10,2,0
3130,23,82,2,0
3131,47,61,2,0
3132,32,83,1,0
3133,30,73,3,0
3134,54,22,1,0
3135,25,91,2,0
3136,60,65,3,0
3137,61,13,1,0
3138,36,103,1,0
3139,52,95,1,0
3140,33,31,1,0
3141,57,131,1,1
3142,34,175,3,1
3143,50,38,1,0
3144,43,104,1,0
3145,34,114,3,1
3146,26,38,2,0
3147,26,30,3,0
3148,48,19,3,0
3149,49,25,1,0
3150,47,124,3,1
3151,43,20,1,0
3152,40,83,3,0
3153,31,18,2,0
3154,27,99,3,1
3155,55,62,2,0
3156,54,24,2,0
3157,23,13,1,0
3158,54,64,3,0
3159,57,62,1,0
3160,41,158,2,1
3161,28,88,1,0
3162,33,28,1,0
3163,51,52,3,0
3164,28,82,1,0
3165,63,140,1,0
3166,29,80,2,0
3167,62,58,2,0
3168,51,180,1,0
3169,52,55,2,0
3170,43,65,2,0
3171,39,62,2,0
3172,35,23,1,0
3173,34,35,1,0
3174,49,35,2,0
3175,43,74,1,0
3176,48,14,1,0
3177,30,83,3,0
3178,46,71,3,0
3179,43,53,1,0
3180,27,103,1,0
3181,39,109,1,0
3182,58,60,2,0
3183,44,12,2,0
3184,39,141,1,0
3185,35,128,1,0
3186,41,98,1,0
3187,43,41,3,0
3188,55,90,3,0
3189,32,31,1,0
3190,56,74,3,0
3191,30,83,3,0
3192,65,35,3,0
3193,31,140,1,0
3194,41,65,3,0
3195,55,35,1,0
3196,37,73,3,0
3197,34,29,2,0
3198,34,55,2,0
3199,33,20,2,0
3200,48,70,2,0
3201,28,81,1,0
3202,30,25,1,0
3203,44,119,1,0
3204,61,49,2,0
3205,59,38,1,0
3206,33,80,3,0
3207,56,84,1,0
3208,53,61,2,0
3209,42,173,2,1
3210,43,60,1,0
3211,35,83,3,0
3212,61,59,2,0
3213,39,32,3,0
3214,61,33,3,0
3215,40,19,3,0
3216,34,14,1,0
3217,65,94,1,1
3218,40,154,1,0
3219,39,33,2,0
3220,61,28,3,0
3221,40,44,1,0
3222,49,81,3,0
3223,43,29,3,0
3224,45,58,3,0
3225,52,38,2,0
3226,32,82,1,0
3227,31,18,3,0
3228,27,45,2,0
3229,33,64,1,0
3230,65,48,1,0
3231,62,24,3,0
3232,55,65,3,0
3233,46,111,1,0
3234,37,114,2,0
3235,60,39,3,0
3236,44,19,3,0
3237,35,22,2,0
3238,52,49,2,0
3239,30,40,1,0
3240,62,63,1,0
3241,41,55,1,0
3242,38,33,2,0
3243,52,31,3,0
3244,48,24,1,0
3245,47,81,3,0
3246,41,81,2,0
3247,44,113,1,0
3248,31,92,1,0
3249,50,81,1,0
3250,36,101,3,0
3251,52,78,2,0
3252,62,78,3,0
3253,55,35,2,0
3254,61,9,3,0
3255,34,82,2,0
3256,34,41,3,0
3257,59,84,3,0
3258,41,42,2,0
3259,33,54,1,0
3260,55,84,3,0
3261,64,131,1,0
3262,44,85,3,0
3263,32,84,1,0
3264,67,114,3,0
3265,40,61,3,0
3266,57,39,3,0
3267,59,21,1,0
3268,43,111,3,1
3269,58,68,1,0
3270,50,179,2,1
3271,52,93,2,1
3272,35,85,1,0
3273,40,180,1,0
3274,31,110,3,0
3275,32,65,1,0
3276,55,159,3,1
3277,43,81,1,0
3278,31,132,1,0
3279,26,44,2,0
3280,58,98,1,0
3281,51,62,2,0
3282,45,91,1,0
3283,56,29,2,0
3284,25,101,3,0
3285,38,65,2,0
3286,62,58,2,0
3287,39,32,3,0
3288,56,140,1,1
3289,50,44,1,0
3290,52,113,3,0
3291,53,38,2,0
3292,25,13,1,0
3293,44,62,1,0
3294,42,29,3,0
3295,42,141,2,1
3296,63,132,2,1
3297,57,23,3,0
3298,56,11,1,0
3299,60,90,2,0
3300,62,43,2,0
3301,48,59,1,0
3302,37,28,3,0
3303,55,28,2,0
3304,42,108,1,0
3305,39,78,3,0
3306,47,65,1,0
3307,34,25,1,0
3308,48,108,3,0
3309,52,43,2,0
3310,53,95,2,0
3311,49,24,1,0
3312,47,190,1,0
3313,48,24,3,0
3314,38,41,1,0
3315,48,80,1,0
3316,56,63,3,0
3317,65,79,3,0
3318,46,105,1,1
3319,60,153,3,1
3320,50,114,1,0
3321,41,120,1,0
3322,41,104,3,0
3323,60,20,1,0
3324,57,41,1,0
3325,48,35,1,0
3326,53,174,2,1
3327,42,164,3,1
3328,45,22,1,0
3329,35,132,1,0
3330,34,32,3,0
3331,67,21,3,0
3332,36,49,2,0
3333,37,79,2,0
3334,40,30,3,0
3335,35,118,1,0
3336,60,11,3,0
3337,59,61,3,0
3338,35,43,2,0
3339,27,141,3,1
3340,29,54,3,0
3341,35,33,1,0
3342,38,84,3,0
3343,62,125,3,1
3344,43,110,1,0
3345,35,14,1,0
3346,41,65,1,0
3347,65,78,3,0
3348,61,18,3,0
3349,55,95,3,0
3350,28,95,2,0
3351,52,191,1,0
3352,34,19,3,0
3353,49,19,3,0
3354,42,39,3,0
3355,49,93,1,0
3356,49,115,3,1
3357,32,112,2,0
3358,59,40,1,0
3359,43,45,2,0
3360,48,133,1,0
3361,31,85,1,0
3362,30,18,2,0
3363,58,54,2,0
3364,41,41,2,0
3365,38,21,3,0
3366,33,152,1,0
3367,51,53,2,0
3368,45,163,2,1
3369,34,84,2,0
3370,39,59,3,0
3371,44,33,2,0
3372,55,81,1,0
3373,28,182,2,1
3374,57,61,3,0
3375,43,88,2,0
3376,46,170,1,0
3377,35,83,3,0
3378,25,44,2,0
3379,65,83,3,0
3380,64,21,2,0
3381,39,143,1,0
3382,62,103,1,0
3383,46,135,1,1
3384,36,162,1,0
3385,42,73,1,0
3386,35,142,3,1
3387,63,25,3,0
3388,45,115,1,0
3389,27,88,1,0
3390,29,73,3,0
3391,55,94,3,0
3392,32,58,1,0
3393,37,81,2,0
3394,25,113,3,0
3395,41,35,2,0
3396,52,65,1,0
3397,31,170,1,0
3398,40,62,2,0
3399,54,54,3,0
3400,48,39,2,0
3401,39,28,3,0
3402,64,95,3,0
3403,54,82,2,1
3404,39,21,3,0
3405,55,50,3,0
3406,42,34,3,0
3407,58,19,3,0
3408,45,71,1,0
3409,29,113,2,0
3410,36,9,3,0
3411,63,118,1,0
3412,55,79,1,0
3413,54,72,3,0
3414,61,18,1,0
3415,36,93,1,0
3416,61,62,2,0
3417,39,23,2,0
3418,57,40,3,0
3419,35,34,1,0
3420,66,114,3,0
3421,49,125,1,0
3422,48,41,3,0
3423,61,38,3,0
3424,44,45,2,0
3425,23,12,1,0
3426,31,115,3,0
3427,39,175,1,0
3428,45,24,3,0
3429,39,28,2,0
3430,64,32,1,0
3431,64,63,3,0
3432,47,32,1,0
3433,34,60,1,0
3434,56,53,3,0
3435,33,58,1,0
3436,56,42,2,0
3437,57,39,2,0
3438,43,72,1,0
3439,43,80,1,0
3440,26,39,2,0
3441,64,18,3,0
3442,43,30,3,0
3443,44,54,1,0
3444,60,128,1,0
3445,37,38,2,0
3446,56,120,1,0
3447,54,25,3,0
3448,43,85,3,0
3449,57,135,2,1
3450,29,14,3,0
3451,54,70,3,0
3452,61,23,2,0
3453,29,31,2,0
3454,47,132,1,0
3455,43,28,1,0
3456,46,125,3,1
3457,55,91,1,0
3458,48,191,1,0
3459,26,88,2,0
3460,63,84,3,0
3461,57,64,3,0
3462,58,28,2,0
3463,28,149,1,0
3464,61,172,1,1
3465,65,42,2,0
3466,33,53,2,0
3467,63,149,3,1
3468,43,113,2,0
3469,26,79,1,0
3470,57,175,1,0
3471,50,38,3,0
3472,54,120,2,1
3473,59,52,1,0
3474,49,42,2,0
3475,54,13,1,0
3476,65,141,1,0
3477,34,131,1,0
3478,31,133,3,1
3479,31,64,1,0
3480,64,49,1,0
3481,52,34,3,0
3482,57,91,1,0
3483,60,195,1,0
3484,45,53,2,0
3485,39,39,3,0
3486,25,20,1,0
3487,29,104,3,0
3488,40,51,2,0
3489,36,154,1,1
3490,33,38,1,0
3491,51,12,1,0
3492,35,28,3,0
3493,54,33,3,0
3494,29,31,2,0
3495,32,44,2,0
3496,37,49,3,0
3497,55,134,1,0
3498,30,182,3,1
3499,49,114,1,0
3500,51,90,2,0
3501,65,105,3,0
3502,32,58,1,0
3503,29,53,3,0
3504,46,15,3,0
3505,64,103,3,0
3506,27,58,2,0
3507,50,83,2,0
3508,33,125,3,1
3509,38,61,3,0
3510,38,69,2,0
3511,37,89,3,0
3512,46,70,1,0
3513,31,39,2,0
3514,35,41,2,0
3515,50,148,1,0
3516,45,38,2,0
3517,30,95,3,1
3518,60,129,1,0
3519,31,84,2,0
3520,60,29,2,0
3521,36,30,3,0
3522,64,90,3,0
3523,29,150,1,0
3524,58,15,2,0
3525,59,13,2,0
3526,58,9,3,0
3527,35,24,3,0
3528,43,41,2,0
3529,33,25,1,0
3530,54,49,2,0
3531,38,58,3,0
3532,38,141,1,0
3533,57,50,1,0
3534,34,61,1,0
3535,52,65,1,0
3536,50,112,1,0
3537,60,19,3,0
3538,26,23,2,0
3539,56,60,3,0
3540,39,30,1,0
3541,45,144,1,1
3542,30,118,3,1
3543,37,194,1,0
3544,45,109,1,0
3545,48,174,1,0
3546,65,34,3,0
3547,46,84,2,0
3548,40,41,2,0
3549,33,92,1,0
3550,40,19,3,0
3551,60,55,2,0
3552,51,22,2,0
3553,41,155,1,0
3554,37,72,3,0
3555,35,81,2,0
3556,35,30,1,0
3557,46,54,1,0
3558,60,60,1,0
3559,51,68,2,0
3560,31,65,2,0
3561,30,31,2,0
3562,32,169,3,1
3563,53,139,3,1
3564,33,29,3,0
3565,40,43,2,0
3566,57,80,1,0
3567,51,43,2,0
3568,30,194,1,0
3569,41,24,3,0
3570,54,32,3,0
3571,42,153,1,1
3572,30,30,3,0
3573,60,165,1,1
3574,56,64,2,0
3575,63,15,2,0
3576,56,70,2,0
3577,39,32,3,0
3578,29,128,2,1
3579,28,84,3,0
3580,41,62,3,0
3581,28,33,2,0
3582,49,65,1,0
3583,30,33,2,0
3584,63,15,2,0
3585,45,45,2,0
3586,40,132,1,0
3587,28,29,2,0
3588,62,65,2,0
3589,38,52,2,0
3590,32,64,1,0
3591,58,73,3,0
3592,33,20,3,0
3593,60,44,1,0
3594,34,79,1,0
3595,38,104,2,0
3596,44,88,1,0
3597,56,51,3,0
3598,37,61,2,0
3599,45,23,3,0
3600,44,38,3,0
3601,37,75,2,0
3602,47,42,1,0
3603,51,45,1,0
3604,63,59,2,0
3605,61,130,3,1
3606,43,9,3,0
3607,41,62,3,0
3608,59,202,1,0
3609,29,162,1,0
3610,32,93,1,0
3611,64,145,1,0
3612,50,99,1,1
3613,35,148,3,1
3614,34,154,2,1
3615,58,149,1,0
3616,41,69,3,0
3617,37,30,1,0
3618,35,48,2,0
3619,45,42,3,0
3620,53,132,1,0
3621,53,81,2,0
3622,54,60,2,0
3623,28,45,2,0
3624,58,70,3,0
3625,47,71,1,0
3626,24,28,3,0
3627,27,83,1,0
3628,42,131,1,0
3629,50,82,1,0
3630,41,79,3,0
3631,46,51,3,0
3632,46,111,1,0
3633,51,93,1,0
3634,59,73,3,0
3635,58,24,2,0
3636,37,64,2,0
3637,39,104,1,0
3638,47,38,3,0
3639,51,191,1,0
3640,64,53,3,0
3641,59,74,3,0
3642,55,21,3,0
3643,57,80,3,0
3644,59,41,1,0
3645,42,79,3,0
3646,34,141,2,1
3647,41,32,2,0
3648,43,38,3,0
3649,53,85,2,0
3650,47,93,3,0
3651,49,140,3,1
3652,35,69,2,0
3653,52,32,2,0
3654,53,61,1,0
3655,48,125,1,0
3656,35,30,2,0
3657,52,104,2,0
3658,60,24,1,0
3659,33,22,2,0
3660,38,59,2,0
3661,29,120,2,1
3662,35,164,1,0
3663,26,60,1,0
3664,48,43,2,0
3665,43,70,1,0
3666,60,51,1,0
3667,27,59,1,0
3668,38,129,3,1
3669,40,22,2,0
3670,38,29,2,0
3671,50,18,3,0
3672,38,65,3,0
3673,34,65,1,0
3674,42,38,1,0
3675,60,110,1,0
3676,62,22,2,0
3677,59,43,1,0
3678,49,30,1,0
3679,49,134,1,0
3680,36,32,1,0
3681,33,139,1,0
3682,43,45,1,0
3683,53,62,2,0
3684,57,51,2,0
3685,53,93,3,0
3686,60,122,1,0
3687,34,45,1,0
3688,51,179,1,0
3689,36,64,1,0
3690,63,41,1,0
3691,37,58,3,0
3692,57,64,1,0
3693,52,28,2,0
3694,38,21,3,0
3695,61,60,2,0
3696,31,78,1,0
3697,39,59,3,0
3698,38,59,3,0
3699,46,83,2,0
3700,48,128,1,0
3701,58,95,1,0
3702,50,160,3,1
3703,67,78,3,0
3704,36,184,2,1
3705,30,30,1,0
3706,58,51,3,0
3707,43,35,3,0
3708,31,74,3,0
3709,37,43,2,0
3710,49,23,2,0
3711,27,20,1,0
3712,50,112,1,0
3713,46,74,2,0
3714,49,65,3,0
3715,29,124,1,0
3716,55,65,1,0
3717,61,73,3,0
3718,45,8,3,0
3719,33,53,1,0
3720,63,131,3,1
3721,32,13,1,0
3722,42,60,1,0
3723,51,45,2,0
3724,44,39,3,0
3725,33,78,2,0
3726,39,43,3,0
3727,56,31,1,0
3728,28,118,2,1
3729,43,82,1,0
3730,30,112,1,0
3731,34,10,2,0
3732,26,18,3,0
3733,58,72,2,0
3734,43,72,3,0
3735,40,78,1,0
3736,54,78,2,0
3737,44,30,3,0
3738,54,45,1,0
3739,39,80,1,0
3740,59,174,1,0
3741,53,51,3,0
3742,32,181,1,0
3743,40,78,2,0
3744,54,79,3,0
3745,27,119,1,0
3746,63,49,2,0
3747,26,83,2,1
3748,33,100,2,0
3749,43,70,1,0
3750,57,52,2,0
3751,26,12,1,0
3752,55,82,3,0
3753,30,34,2,0
3754,63,112,3,0
3755,55,42,3,0
3756,35,83,1,0
3757,45,142,2,1
3758,47,199,1,0
3759,31,29,2,0
3760,56,70,3,0
3761,49,25,3,0
3762,53,84,1,0
3763,62,81,1,0
3764,63,15,1,0
3765,26,54,3,0
3766,59,108,2,1
3767,40,83,1,0
3768,42,62,3,0
3769,29,134,1,0
3770,40,75,1,0
3771,31,109,2,0
3772,35,152,1,0
3773,62,83,3,0
3774,51,52,3,0
3775,32,31,3,0
3776,27,135,3,1
3777,62,98,1,0
3778,66,14,2,0
3779,53,64,1,0
3780,49,109,1,0
3781,65,118,1,0
3782,30,80,2,0
3783,60,51,3,0
3784,30,115,2,1
3785,54,83,1,0
3786,54,90,1,0
3787,37,28,1,0
3788,32,82,1,0
3789,51,24,1,0
3790,46,71,1,0
3791,41,80,1,0
3792,62,109,3,0
3793,54,140,1,0
3794,52,39,2,0
3795,51,39,2,0
3796,24,50,2,0
3797,61,31,1,0
3798,55,35,3,0
3799,37,44,1,0
3800,64,35,3,0
3801,34,20,1,0
3802,31,10,2,0
3803,42,83,3,0
3804,47,203,1,0
3805,29,84,1,0
3806,34,41,1,0
3807,36,164,1,0
3808,34,152,1,0
3809,26,62,1,0
3810,48,12,1,0
3811,47,28,1,0
3812,39,52,1,0
3813,62,19,2,0
3814,34,35,1,0
3815,43,28,1,0
3816,55,70,2,0
3817,65,140,1,0
3818,26,102,3,0
3819,57,50,3,0
3820,32,61,1,0
3821,35,188,2,1
3822,63,178,3,1
3823,49,44,2,0
3824,23,12,1,0
3825,30,69,1,0
3826,43,132,1,0
3827,39,128,1,0
3828,31,44,1,0
3829,65,44,3,0
3830,34,34,3,0
3831,37,132,1,0
3832,62,158,1,0
3833,33,83,1,0
3834,48,28,3,0
3835,33,131,3,1
3836,45,31,2,0
3837,44,40,2,0
3838,37,71,1,0
3839,31,42,3,0
3840,56,35,2,0
3841,30,81,1,0
3842,61,91,1,0
3843,32,129,2,1
3844,51,75,1,0
3845,26,54,2,0
3846,31,43,1,0
3847,43,94,2,0
3848,57,84,3,0
3849,42,34,2,0
3850,48,15,1,0
3851,46,99,3,0
3852,33,15,2,0
3853,45,83,3,0
3854,31,83,3,0
3855,42,143,1,0
3856,56,81,3,0
3857,63,39,2,0
3858,42,158,2,1
3859,50,62,3,0
3860,31,64,1,0
3861,65,29,2,0
3862,60,64,1,0
3863,34,21,2,0
3864,62,142,3,1
3865,56,64,1,0
3866,51,40,1,0
3867,44,61,2,0
3868,41,44,3,0
3869,43,78,2,0
3870,25,25,3,0
3871,40,125,1,0
3872,53,63,3,0
3873,54,54,3,0
3874,36,92,1,0
3875,26,119,1,0
3876,35,40,2,0
3877,29,41,1,0
3878,35,81,1,0
3879,28,101,1,0
3880,48,25,2,0
3881,46,55,2,0
3882,31,43,3,0
3883,40,98,2,0
3884,27,112,3,0
3885,32,69,3,0
3886,67,79,2,0
3887,24,118,1,0
3888,45,81,2,0
3889,26,19,2,0
3890,42,139,3,1
3891,65,63,2,0
3892,59,102,1,0
3893,30,40,2,0
3894,32,44,1,0
3895,36,59,1,0
3896,48,224,1,0
3897,56,64,3,0
3898,44,129,1,0
3899,60,43,1,0
3900,51,12,1,0
3901,34,53,2,0
3902,45,39,3,0
3903,47,65,1,0
3904,29,18,3,0
3905,52,55,3,0
3906,61,60,3,0
3907,40,42,1,0
3908,24,44,2,0
3909,33,111,1,0
3910,33,62,1,0
3911,52,44,3,0
3912,40,69,3,0
3913,45,62,3,0
3914,27,35,2,0
3915,38,91,1,0
3916,50,12,1,0
3917,41,89,1,0
3918,60,65,2,0
3919,64,179,3,1
3920,34,82,3,0
3921,30,48,1,0
3922,31,20,2,0
3923,41,91,3,0
3924,61,122,1,0
3925,42,22,3,0
3926,48,43,1,0
3927,59,38,1,0
3928,57,61,1,0
3929,37,33,2,0
3930,53,145,1,0
3931,53,170,1,0
3932,26,55,2,0
3933,39,40,3,0
3934,35,68,1,0
3935,59,53,1,0
3936,43,63,3,0
3937,39,123,1,0
3938,49,13,1,0
3939,47,12,1,0
3940,41,53,1,0
3941,57,79,2,0
3942,42,89,2,0
3943,61,188,2,1
3944,56,62,3,0
3945,29,123,3,1
3946,25,40,2,0
3947,32,119,3,1
3948,37,123,2,1
3949,31,23,2,0
3950,38,62,3,0
3951,40,69,1,0
3952,61,124,1,0
3953,50,52,3,0
3954,32,134,1,0
3955,62,58,2,0
3956,62,45,2,0
3957,40,75,2,0
3958,59,23,2,0
3959,43,123,1,1
3960,62,48,1,0
3961,48,145,1,0
3962,29,31,3,0
3963,58,38,3,0
3964,43,78,3,0
3965,39,94,1,0
3966,33,84,3,0
3967,40,22,3,0
3968,28,78,1,0
3969,38,75,2,0
3970,65,71,1,0
3971,35,24,3,0
3972,29,112,1,0
3973,61,53,2,0
3974,46,41,3,0
3975,50,25,2,0
3976,60,42,2,0
3977,54,51,2,0
3978,43,19,2,0
3979,38,90,1,0
3980,46,89,2,0
3981,64,22,1,0
3982,24,119,1,0
3983,39,93,3,1
3984,34,18,1,0
3985,65,32,3,0
3986,38,182,3,1
3987,62,19,3,0
3988,59,85,3,1
3989,49,90,2,0
3990,57,59,1,0
3991,64,84,1,0
3992,47,95,2,1
3993,30,13,3,0
3994,42,88,1,0
3995,53,34,3,0
3996,50,11,3,0
3997,62,80,2,0
3998,34,41,1,0
3999,47,90,3,0
4000,62,93,3,1
4001,61,81,2,0
4002,59,60,1,0
4003,47,39,2,0
4004,65,22,2,0
4005,56,32,1,0
4006,56,28,3,0
4007,31,35,2,0
4008,61,154,3,1
4009,42,189,1,0
4010,44,40,3,0
4011,47,88,2,0
4012,30,124,1,0
4013,62,23,3,0
4014,56,23,1,0
4015,25,139,1,0
4016,53,173,1,1
4017,26,42,3,0
4018,59,161,1,0
4019,62,28,2,0
4020,58,191,3,1
4021,40,42,1,0
4022,35,81,3,0
4023,51,175,1,1
4024,41,82,1,0
4025,51,53,3,0
4026,27,142,1,1
4027,46,42,3,0
4028,46,64,1,0
4029,31,90,1,0
4030,58,44,2,0
4031,42,29,3,0
4032,59,93,1,0
4033,54,69,3,0
4034,35,82,2,0
4035,34,180,3,1
4036,46,13,3,0
4037,52,72,1,0
4038,55,54,1,0
4039,34,104,1,0
4040,57,44,2,0
4041,45,40,1,0
4042,29,190,1,0
4043,49,64,1,0
4044,36,9,2,0
4045,57,38,2,0
4046,25,72,3,0
4047,43,82,1,0
4048,27,48,3,0
4049,54,82,3,0
4050,53,14,2,0
4051,55,162,1,0
4052,43,54,1,0
4053,35,90,1,0
4054,59,64,1,0
4055,42,65,3,0
4056,51,113,1,0
4057,57,38,3,0
4058,39,65,3,0
4059,53,39,3,0
4060,31,174,1,0
4061,33,59,3,0
4062,38,43,1,0
4063,47,24,3,0
4064,63,50,2,0
4065,44,68,3,0
4066,61,61,3,0
4067,52,21,2,0
4068,59,21,2,0
4069,56,31,1,0
4070,58,70,1,0
4071,30,25,2,0
4072,42,78,3,0
4073,51,19,1,0
4074,60,23,3,0
4075,30,40,1,0
4076,49,22,3,0
4077,26,71,2,0
4078,36,58,2,0
4079,65,75,1,0
4080,27,40,2,0
4081,60,155,3,1
4082,32,83,2,0
4083,46,99,1,0
4084,60,59,2,0
4085,28,53,2,0
4086,50,11,1,0
4087,52,179,3,1
4088,29,71,3,0
4089,30,85,3,0
4090,42,49,3,0
4091,32,122,1,0
4092,40,171,1,0
4093,49,138,2,1
4094,53,8,3,0
4095,42,59,1,0
4096,38,49,1,0
4097,60,92,1,0
4098,27,75,1,0
4099,61,60,2,0
4100,27,41,2,0
4101,45,40,2,0
4102,41,81,1,0
4103,44,52,3,0
4104,38,25,1,0
4105,39,139,1,0
4106,48,54,2,0
4107,47,81,1,0
4108,64,73,1,0
4109,27,30,3,0
4110,66,59,1,0
4111,43,21,1,0
4112,34,65,2,0
4113,28,41,2,0
4114,52,52,3,0
4115,45,84,2,0
4116,24,135,1,0
4117,39,18,3,0
4118,40,34,1,0
4119,30,85,3,0
4120,49,23,3,0
4121,53,65,2,0
4122,56,195,1,0
4123,50,40,1,0
4124,53,141,3,1
4125,60,95,2,0
4126,58,23,2,0
4127,43,82,2,0
4128,46,53,3,0
4129,29,10,1,0
4130,56,75,2,0
4131,48,23,2,0
4132,61,133,1,0
4133,41,129,1,0
4134,35,85,2,0
4135,48,168,1,0
4136,43,83,3,0
4137,37,52,2,0
4138,47,114,1,0
4139,29,81,3,0
4140,63,32,2,0
4141,43,63,3,0
4142,57,70,3,0
4143,55,20,1,0
4144,47,138,1,0
4145,58,63,2,0
4146,53,85,3,0
4147,59,180,2,1
4148,46,80,3,0
4149,41,53,3,0
4150,46,72,2,0
4151,44,123,1,1
4152,44,91,3,0
4153,50,148,1,0
4154,51,163,3,1
4155,55,28,3,0
4156,37,193,1,0
4157,34,22,3,0
4158,59,74,1,0
4159,45,70,3,0
4160,30,11,2,0
4161,32,61,2,0
4162,61,41,1,0
4163,54,108,2,1
4164,35,23,3,0
4165,63,135,3,1
4166,66,30,3,0
4167,48,144,2,1
4168,60,139,1,1
4169,41,143,3,1
4170,31,44,1,0
4171,58,49,2,0
4172,67,75,2,0
4173,35,43,1,0
4174,40,59,3,0
4175,42,154,1,1
4176,44,75,3,0
4177,47,75,2,0
4178,59,88,1,0
4179,29,91,3,1
4180,36,11,3,0
4181,47,22,3,0
4182,55,49,3,0
4183,41,140,1,0
4184,51,99,2,0
4185,26,82,1,0
4186,33,10,1,0
4187,30,109,2,0
4188,30,45,3,0
4189,45,93,2,0
4190,40,89,2,1
4191,42,39,2,0
4192,50,21,1,0
4193,62,31,1,0
4194,63,31,3,0
4195,43,52,2,0
4196,49,13,3,0
4197,51,21,3,0
4198,61,50,1,0
4199,43,81,3,0
4200,43,74,1,0
4201,61,89,1,0
4202,35,82,2,0
4203,59,88,2,0
4204,40,61,3,0
4205,61,139,1,0
4206,48,29,2,0
4207,37,51,1,0
4208,56,58,3,0
4209,35,21,3,0
4210,35,43,2,0
4211,40,104,2,0
4212,50,9,2,0
4213,49,39,2,0
4214,46,89,1,0
4215,64,21,3,0
4216,60,173,3,1
4217,45,29,3,0
4218,52,43,2,0
4219,58,30,2,0
4220,54,39,3,0
4221,48,83,3,0
4222,51,58,2,0
4223,53,8,2,0
4224,57,39,3,0
4225,43,204,1,0
4226,37,45,1,0
4227,32,111,1,0
4228,34,83,2,0
4229,54,83,3,0
4230,62,115,1,0
4231,56,60,3,0
4232,39,53,1,0
4233,32,134,1,0
4234,50,91,3,0
4235,27,91,1,0
4236,37,128,1,0
4237,60,78,1,0
4238,43,161,1,0
4239,62,60,3,0
4240,39,161,1,0
4241,34,40,2,0
4242,46,68,2,0
4243,46,74,1,0
4244,51,55,2,0
4245,44,145,1,0
4246,60,24,2,0
4247,65,10,2,0
4248,58,138,1,0
4249,37,63,3,0
4250,52,54,3,0
4251,42,62,3,0
4252,54,81,3,0
4253,54,61,2,0
4254,51,68,3,0
4255,59,78,1,0
4256,41,165,1,0
4257,43,48,2,0
4258,52,155,2,1
4259,52,158,3,1
4260,57,52,1,0
4261,53,18,1,0
4262,58,42,1,0
4263,59,18,3,0
4264,57,40,1,0
4265,27,44,2,0
4266,42,11,1,0
4267,52,194,2,1
4268,49,108,2,0
4269,47,12,2,0
4270,45,19,1,0
4271,25,150,1,0
4272,47,89,3,0
4273,44,83,3,0
4274,30,79,2,0
4275,63,102,2,0
4276,50,155,1,0
4277,40,138,1,0
4278,56,51,1,0
4279,39,80,2,0
4280,42,135,1,0
4281,28,34,2,0
4282,26,195,3,1
4283,58,62,3,0
4284,38,173,1,0
4285,23,149,1,0
4286,53,20,1,0
4287,54,42,1,0
4288,42,28,3,0
4289,54,95,2,0
4290,66,95,3,0
4291,46,34,1,0
4292,63,191,3,1
4293,63,41,1,0
4294,58,150,1,0
4295,65,91,3,0
4296,35,84,2,0
4297,33,73,1,0
4298,43,122,1,0
4299,30,73,2,0
4300,61,20,3,0
4301,49,130,1,1
4302,52,85,3,1
4303,45,134,1,0
4304,64,98,2,0
4305,26,54,3,0
4306,35,41,1,0
4307,45,128,3,1
4308,44,132,1,1
4309,34,188,3,1
4310,65,170,2,1
4311,32,14,3,0
4312,41,93,3,0
4313,52,79,2,0
4314,35,79,2,0
4315,51,62,3,0
4316,30,95,1,0
4317,58,60,3,0
4318,49,75,2,0
4319,63,85,2,0
4320,40,143,1,0
4321,27,34,2,0
4322,38,44,1,0
4323,52,31,2,0
4324,49,13,1,0
4325,59,52,1,0
4326,32,42,3,0
4327,30,102,3,0
4328,64,143,3,1
4329,59,10,3,0
4330,62,44,3,0
4331,61,158,1,0
4332,53,12,2,0
4333,51,59,1,0
4334,55,92,2,0
4335,36,82,1,0
4336,44,44,2,0
4337,26,182,2,1
4338,54,121,1,0
4339,35,38,1,0
4340,34,92,1,0
4341,28,53,3,0
4342,32,45,1,0
4343,38,63,2,0
4344,53,181,1,0
4345,26,184,3,1
4346,45,33,1,0
4347,58,22,1,0
4348,59,99,1,0
4349,45,44,2,0
4350,64,101,2,0
4351,30,32,2,0
4352,40,59,1,0
4353,61,25,2,0
4354,40,140,1,1
4355,40,29,3,0
4356,43,35,1,0
4357,39,141,1,1
4358,35,75,3,0
4359,38,58,1,0
4360,67,41,1,0
4361,55,42,2,0
4362,28,55,2,0
4363,30,18,2,0
4364,59,75,3,0
4365,26,85,1,0
4366,52,43,2,0
4367,40,149,1,0
4368,31,25,2,0
4369,50,19,2,0
4370,27,18,3,0
4371,64,13,2,0
4372,34,41,2,0
4373,30,139,1,0
4374,39,62,1,0
4375,34,51,1,0
4376,40,71,1,0
4377,33,145,3,1
4378,38,45,2,0
4379,42,53,3,0
4380,37,64,3,0
4381,33,39,1,0
4382,60,38,3,0
4383,28,85,1,0
4384,45,61,2,0
4385,56,23,3,0
4386,53,122,1,0
4387,37,72,3,0
4388,47,123,1,0
4389,58,40,1,0
4390,52,62,2,0
4391,46,113,1,0
4392,52,81,2,0
4393,24,59,1,0
4394,57,25,2,0
4395,66,25,2,0
4396,30,14,3,0
4397,48,19,1,0
4398,63,61,3,0
4399,48,21,1,0
4400,34,44,1,0
4401,60,42,1,0
4402,55,52,3,0
4403,50,112,1,0
4404,29,34,3,0
4405,61,83,3,0
4406,50,24,2,0
4407,37,71,2,0
4408,64,181,2,1
4409,43,75,3,0
4410,39,153,1,0
4411,23,75,2,0
4412,34,19,2,0
4413,29,31,2,0
4414,33,178,1,1
4415,60,65,1,0
4416,49,8,1,0
4417,54,92,1,0
4418,59,145,1,1
4419,42,85,3,0
4420,62,149,1,0
4421,63,9,2,0
4422,57,164,3,1
4423,61,40,2,0
4424,35,54,3,0
4425,26,164,3,1
4426,33,140,1,0
4427,31,18,3,0
4428,51,12,1,0
4429,55,140,1,0
4430,38,24,3,0
4431,38,60,1,0
4432,53,50,3,0
4433,62,44,2,0
4434,35,51,2,0
4435,46,34,1,0
4436,60,33,2,0
4437,63,63,1,0
4438,43,22,3,0
4439,33,104,3,1
4440,43,75,3,0
4441,62,75,3,0
4442,48,62,3,0
4443,38,48,1,0
4444,36,73,1,0
4445,49,135,1,0
4446,61,61,3,0
4447,49,78,2,0
4448,59,40,3,0
4449,30,44,3,0
4450,44,45,1,0
4451,67,18,1,0
4452,59,53,3,0
4453,37,11,2,0
4454,50,38,2,0
4455,56,28,2,0
4456,29,35,1,0
4457,55,81,2,0
4458,48,90,3,0
4459,32,115,1,0
4460,47,78,2,0
4461,46,30,3,0
4462,33,39,1,0
4463,39,69,1,0
4464,60,29,1,0
4465,39,54,2,0
4466,34,60,1,0
4467,55,99,3,0
4468,67,51,1,0
4469,40,53,3,0
4470,44,111,2,1
4471,56,79,1,0
4472,50,90,2,0
4473,31,18,1,0
4474,66,73,1,0
4475,43,59,3,0
4476,58,40,1,0
4477,33,41,2,0
4478,33,53,3,0
4479,32,128,1,0
4480,55,145,3,1
4481,25,35,3,0
4482,40,28,3,0
4483,54,155,1,0
4484,36,195,1,0
4485,35,50,2,0
4486,44,48,3,0
4487,38,81,2,0
4488,30,50,1,0
4489,39,21,2,0
4490,35,142,1,0
4491,41,64,1,0
4492,56,91,3,0
4493,52,74,2,0
4494,29,182,3,1
4495,38,82,1,0
4496,51,45,1,0
4497,45,85,1,0
4498,51,133,1,0
4499,53,22,2,0
4500,50,24,2,0
4501,59,38,3,0
4502,57,80,3,0
4503,45,33,1,0
4504,27,41,3,0
4505,40,90,2,0
4506,39,89,3,0
4507,26,8,3,0
4508,27,85,1,0
4509,55,53,1,0
4510,64,20,3,0
4511,41,9,1,0
4512,46,25,1,0
4513,43,114,1,0
4514,24,41,3,0
4515,29,49,3,0
4516,58,12,3,0
4517,45,50,2,0
4518,53,30,2,0
4519,45,32,1,0
4520,32,41,2,0
4521,56,25,2,0
4522,31,29,1,0
4523,29,50,2,0
4524,48,79,1,0
4525,36,110,1,0
4526,36,40,2,0
4527,41,18,3,0
4528,48,48,1,0
4529,27,40,3,0
4530,33,19,2,0
4531,31,35,1,0
4532,48,133,2,1
4533,59,19,2,0
4534,41,83,1,0
4535,42,39,3,0
4536,62,38,2,0
4537,62,63,3,0
4538,51,85,2,0
4539,48,14,1,0
4540,56,64,1,0
4541,62,124,1,0
4542,53,20,1,0
4543,62,33,3,0
4544,28,80,1,0
4545,61,35,3,0
4546,48,74,1,0
4547,50,32,2,0
4548,58,73,1,0
4549,53,41,1,0
4550,65,18,2,0
4551,27,28,2,0
4552,50,64,2,0
4553,50,44,2,0
4554,41,109,1,0
4555,43,71,3,0
4556,55,79,1,0
4557,33,30,2,0
4558,44,82,1,0
4559,47,101,2,0
4560,43,13,2,0
4561,59,59,3,0
4562,65,64,1,0
4563,28,188,1,0
4564,58,28,1,0
4565,33,120,3,1
4566,24,131,1,0
4567,46,19,2,0
4568,26,44,3,0
4569,47,49,2,0
4570,32,99,3,0
4571,58,95,3,0
4572,32,81,3,0
4573,46,73,3,0
4574,35,193,1,0
4575,53,115,3,1
4576,55,41,3,0
4577,63,80,3,0
4578,45,90,2,0
4579,58,41,1,0
4580,50,102,1,0
4581,37,59,3,0
4582,25,69,3,0
4583,52,83,1,1
4584,26,49,2,0
4585,35,180,3,1
4586,58,61,3,0
4587,37,59,3,0
4588,35,85,3,0
4589,31,13,3,0
4590,58,151,2,1
4591,43,44,2,0
4592,43,53,3,0
4593,54,133,2,1
4594,53,31,3,0
4595,32,101,2,0
4596,37,61,1,0
4597,34,68,2,0
4598,51,21,1,0
4599,49,149,1,0
4600,54,75,3,0
4601,37,55,3,0
4602,57,81,1,0
4603,37,179,1,0
4604,32,81,2,1
4605,48,42,2,0
4606,44,199,1,0
4607,50,18,2,0
4608,44,28,3,0
4609,54,80,3,0
4610,37,79,2,0
4611,34,52,2,0
4612,32,18,2,0
4613,63,52,1,0
4614,56,15,3,0
4615,37,84,3,0
4616,66,114,3,0
4617,38,41,3,0
4618,35,29,1,0
4619,61,23,1,0
4620,52,84,1,0
4621,57,60,1,0
4622,47,13,2,0
4623,50,45,3,0
4624,36,83,1,0
4625,45,102,2,1
4626,58,58,3,0
4627,27,134,2,1
4628,27,130,2,1
4629,48,148,1,0
4630,46,92,2,0
4631,32,142,2,1
4632,54,62,1,0
4633,31,50,1,0
4634,42,29,3,0
4635,30,85,1,0
4636,41,78,1,0
4637,44,85,3,0
4638,37,89,2,0
4639,51,33,3,0
4640,30,42,3,0
4641,36,31,1,0
4642,65,143,2,1
4643,33,35,1,0
4644,58,22,2,0
4645,34,45,1,0
4646,38,119,1,0
4647,59,43,1,0
4648,37,75,2,0
4649,59,121,1,0
4650,47,63,3,0
4651,48,58,1,0
4652,38,184,1,1
4653,34,155,1,0
4654,44,69,2,0
4655,33,188,2,1
4656,47,38,2,0
4657,41,9,2,0
4658,36,69,3,0
4659,28,199,1,0
4660,59,38,1,0
4661,43,129,1,0
4662,56,59,2,0
4663,28,115,1,0
4664,62,83,2,0
4665,40,65,1,0
4666,34,72,1,0
4667,52,72,3,0
4668,40,63,3,0
4669,27,64,2,0
4670,52,194,1,0
4671,39,104,3,0
4672,52,180,1,0
4673,50,18,2,0
4674,40,93,3,0
4675,35,32,1,0
4676,39,68,1,0
4677,25,38,3,0
4678,33,115,2,0
4679,26,161,1,0
4680,46,154,1,0
4681,27,68,1,0
4682,55,44,3,0
4683,52,149,1,0
4684,59,103,1,0
4685,63,41,2,0
4686,61,113,1,0
4687,58,48,2,0
4688,29,69,2,0
4689,51,43,2,0
4690,59,19,3,0
4691,41,65,3,0
4692,59,32,2,0
4693,52,20,1,0
4694,39,25,3,0
4695,45,70,1,0
4696,59,70,3,0
4697,49,103,2,0
4698,48,162,1,1
4699,61,61,1,0
4700,31,170,1,0
4701,42,49,1,0
4702,35,108,3,1
4703,57,62,3,0
4704,54,102,2,0
4705,61,141,1,1
4706,60,8,1,0
4707,59,91,1,0
4708,62,10,1,0
4709,26,35,2,0
4710,41,71,3,0
4711,65,59,1,0
4712,25,14,3,0
4713,25,122,1,0
4714,27,81,1,0
4715,65,35,3,0
4716,60,83,1,0
4717,29,121,1,0
4718,32,35,1,0
4719,32,140,3,1
4720,41,88,3,0
4721,52,70,1,0
4722,40,63,3,0
4723,39,125,1,0
4724,34,21,1,0
4725,34,75,1,0
4726,34,38,1,0
4727,41,58,1,0
4728,59,31,2,0
4729,40,18,3,0
4730,52,29,2,0
4731,37,29,3,0
4732,39,69,1,0
4733,49,121,1,0
4734,63,64,3,0
4735,34,84,2,0
4736,51,65,2,0
4737,61,85,2,0
4738,56,44,1,0
4739,62,174,1,0
4740,56,178,1,0
4741,58,55,1,0
4742,58,25,2,0
4743,50,21,1,0
4744,44,72,3,0
4745,49,129,1,0
4746,31,18,3,0
4747,49,91,2,0
4748,43,38,3,0
4749,31,21,1,0
4750,66,38,3,0
4751,41,154,1,0
4752,39,178,1,0
4753,46,85,2,0
4754,57,93,1,0
4755,59,151,1,0
4756,30,78,2,0
4757,26,135,1,0
4758,46,40,1,0
4759,66,80,2,0
4760,50,18,1,0
4761,61,74,2,0
4762,37,94,3,0
4763,51,173,2,1
4764,56,88,2,0
4765,58,82,1,0
4766,41,54,1,0
4767,35,45,1,0
4768,38,39,2,0
4769,26,20,1,0
4770,35,93,3,0
4771,36,85,3,0
4772,26,95,1,0
4773,53,48,2,0
4774,56,22,3,0
4775,44,33,3,0
4776,47,40,3,0
4777,32,30,2,0
4778,52,22,1,0
4779,39,20,3,0
4780,47,49,2,0
4781,35,25,2,0
4782,26,150,1,0
4783,43,32,1,0
4784,52,9,1,0
4785,30,23,3,0
4786,36,18,1,0
4787,48,42,2,0
4788,36,39,1,0
4789,58,84,2,0
4790,35,101,3,1
4791,59,43,1,0
4792,36,28,1,0
4793,45,59,1,0
4794,56,29,3,0
4795,46,39,1,0
4796,26,42,3,0
4797,37,24,1,0
4798,44,62,3,0
4799,44,33,1,0
4800,33,73,1,0
4801,34,88,1,0
4802,35,58,1,0
4803,48,48,3,0
4804,58,40,2,0
4805,30,160,1,0
4806,62,39,1,0
4807,40,53,1,0
4808,42,32,2,0
4809,43,32,2,0
4810,58,11,1,0
4811,36,123,3,1
4812,29,184,3,1
4813,49,60,2,0
4814,60,41,3,0
4815,58,99,1,0
4816,50,83,2,0
4817,46,134,1,0
4818,45,85,2,0
4819,32,41,1,0
4820,42,44,3,0
4821,30,62,1,0
4822,60,149,1,0
4823,46,115,3,1
4824,32,25,1,0
4825,56,84,1,0
4826,56,81,3,0
4827,30,181,1,0
4828,52,62,3,0
4829,31,11,3,0
4830,37,60,3,0
4831,30,42,3,0
4832,29,83,2,0
4833,49,109,1,0
4834,49,70,1,0
4835,65,25,1,0
4836,54,72,3,0
4837,36,183,1,0
4838,56,44,1,0
4839,34,52,1,0
4840,33,18,2,0
4841,59,40,1,0
4842,49,174,2,1
4843,61,41,2,0
4844,31,81,1,0
4845,45,128,1,0
4846,35,135,2,1
4847,37,65,2,0
4848,58,145,1,0
4849,49,65,3,0
4850,63,119,1,0
4851,55,124,1,0
4852,38,33,3,0
4853,45,41,1,0
4854,44,105,1,0
4855,58,130,1,0
4856,56,80,3,0
4857,37,115,2,0
4858,50,62,3,0
4859,34,165,3,1
4860,51,34,2,0
4861,49,18,3,0
4862,33,44,1,0
4863,61,25,2,0
4864,41,52,3,0
4865,50,133,2,1
4866,41,71,1,0
4867,38,61,3,0
4868,51,62,3,0
4869,63,33,3,0
4870,55,28,2,0
4871,46,53,1,0
4872,27,69,2,0
4873,59,165,1,0
4874,26,75,3,0
4875,61,54,1,0
4876,44,142,3,1
4877,53,53,3,0
4878,34,41,1,0
4879,40,43,1,0
4880,56,79,1,0
4881,57,24,3,0
4882,43,73,1,0
4883,38,129,3,1
4884,60,50,3,0
4885,54,28,1,0
4886,51,64,3,0
4887,41,49,3,0
4888,25,121,1,0
4889,58,58,3,0
4890,61,51,3,0
4891,56,61,1,0
4892,43,35,3,0
4893,42,39,3,0
4894,48,74,3,0
4895,45,201,1,0
4896,40,81,1,0
4897,43,44,1,0
4898,52,19,3,0
4899,54,85,3,0
4900,26,74,1,0
4901,26,54,2,0
4902,33,58,1,0
4903,40,18,2,0
4904,64,88,1,0
4905,62,19,1,0
4906,54,49,3,0
4907,34,101,2,0
4908,40,138,1,0
4909,41,25,2,0
4910,48,120,1,0
4911,46,153,1,0
4912,51,28,2,0
4913,30,110,3,0
4914,65,94,1,0
4915,49,48,2,0
4916,29,123,1,0
4917,36,33,2,0
4918,50,42,2,0
4919,41,68,1,0
4920,42,28,3,0
4921,37,42,3,0
4922,31,28,1,0
4923,40,73,1,0
4924,36,89,1,0
4925,64,82,2,0
4926,37,83,2,0
4927,43,121,2,1
4928,57,28,3,0
4929,62,39,1,0
4930,63,110,2,0
4931,57,55,3,0
4932,59,111,1,0
4933,47,94,1,0
4934,26,85,3,0
4935,59,81,1,0
4936,45,94,3,0
4937,33,162,1,0
4938,61,80,3,0
4939,54,70,2,0
4940,46,19,1,0
4941,28,112,2,1
4942,52,109,1,0
4943,26,12,2,0
4944,49,33,2,0
4945,42,49,1,0
4946,51,42,2,0
4947,39,41,1,0
4948,44,43,1,0
4949,29,64,1,0
4950,47,19,1,0
4951,53,65,3,0
4952,29,53,3,0
4953,47,32,1,0
4954,45,22,1,0
4955,63,39,3,0
4956,39,59,3,0
4957,29,50,3,0
4958,50,19,3,0
4959,51,55,2,0
4960,58,81,3,0
4961,39,108,3,0
4962,46,122,3,1
4963,32,98,3,0
4964,53,110,1,0
4965,29,33,2,0
4966,41,34,1,0
4967,41,69,2,0
4968,58,41,1,0
4969,45,60,3,0
4970,37,95,2,0
4971,58,73,3,0
4972,58,41,3,0
4973,31,68,3,0
4974,59,64,2,0
4975,38,29,2,0
4976,29,31,2,0
4977,40,54,3,0
4978,57,63,3,0
4979,50,92,2,0
4980,29,135,1,1
4981,34,195,1,0
4982,36,45,1,0
4983,51,72,1,0
4984,27,98,3,0
4985,48,30,2,0
4986,32,78,3,0
4987,48,43,2,0
4988,34,85,1,0
4989,24,38,3,0
4990,55,58,3,0
4991,51,92,2,0
4992,30,13,3,0
4993,45,218,1,0
4994,64,75,3,0
4995,29,40,3,0
4996,30,15,1,0
4997,63,24,3,0
4998,65,49,2,0
4999,28,83,1,0
